time_ns,z_1.500_nm,z_4.500_nm,z_7.500_nm,z_10.500_nm,z_13.500_nm,z_16.500_nm,z_19.500_nm,z_22.500_nm,z_25.500_nm,z_28.500_nm,z_31.500_nm,z_34.500_nm,z_37.500_nm,z_40.500_nm,z_43.500_nm,z_46.500_nm,z_49.500_nm,z_52.500_nm,z_55.500_nm,z_58.500_nm,z_61.500_nm,z_64.500_nm,z_67.500_nm,z_70.500_nm,z_73.500_nm,z_76.500_nm,z_79.500_nm,z_82.500_nm,z_85.500_nm,z_88.500_nm,z_91.500_nm,z_94.500_nm,z_97.500_nm,z_100.500_nm,z_103.500_nm,z_106.500_nm,z_109.500_nm,z_112.500_nm,z_115.500_nm,z_118.500_nm,z_121.500_nm,z_124.500_nm,z_127.500_nm,z_130.500_nm,z_133.500_nm,z_136.500_nm,z_139.500_nm,z_142.500_nm,z_145.500_nm,z_148.500_nm,z_151.500_nm,z_154.500_nm,z_157.500_nm,z_160.500_nm,z_163.500_nm,z_166.500_nm,z_169.500_nm,z_172.500_nm,z_175.500_nm,z_178.500_nm,z_181.500_nm,z_184.500_nm,z_187.500_nm,z_190.500_nm,z_193.500_nm,z_196.500_nm,z_199.500_nm,z_202.500_nm,z_205.500_nm,z_208.500_nm,z_211.500_nm,z_214.500_nm,z_217.500_nm,z_220.500_nm,z_223.500_nm,z_226.500_nm,z_229.500_nm,z_232.500_nm,z_235.500_nm,z_238.500_nm,z_241.500_nm,z_244.500_nm,z_247.500_nm,z_250.500_nm,z_253.500_nm,z_256.500_nm,z_259.500_nm,z_262.500_nm,z_265.500_nm,z_268.500_nm,z_271.500_nm,z_274.500_nm,z_277.500_nm,z_280.500_nm,z_283.500_nm,z_286.500_nm,z_289.500_nm,z_292.500_nm,z_295.500_nm,z_298.500_nm
0.0,0.2192,0.0384,0.4048,0.1264,0.088,0.0,0.0304,0.1696,0.0192,0.0,0.0672,0.0656,0.08,0.0208,0.1888,0.016,0.0,0.0,0.0,0.1312,0.088,0.0,0.0,0.0,0.0,0.0,0.0,0.0,0.0,0.0,0.0,0.0,0.0,0.0,0.0,0.0,0.0,0.0,0.0,0.0,0.0,0.0,0.008,0.1968,0.0144,0.0,0.0512,0.864,3.7216,4.7152,4.0288,2.7488,1.5152,0.1104,0.0,0.0,0.0,0.0,0.0,0.0,0.0288,0.096,0.1984,0.1152,0.0,0.0,0.0,0.0,0.0,0.0,0.0,0.0592,0.0672,0.0928,0.0,0.0,0.0,0.0,0.3008,0.2864,0.2896,0.0,0.0,0.0,0.0,0.0,0.1312,0.088,0.048,0.16,0.0192,0.064,0.1152,0.032,0.0,0.0,0.0,0.0,0.0,0.0
10.0,0.2096,0.0144,0.1024,0.0416,0.0464,0.024,0.0,0.0,0.0,0.0,0.0,0.0,0.0,0.0,0.0,0.0,0.0,0.0,0.0,0.0,0.0016,0.192,0.0256,0.016,0.1136,0.08,0.0608,0.168,0.0,0.0144,0.1248,0.072,0.0288,0.0688,0.1264,0.0032,0.1792,0.04,0.0,0.0,0.0,0.0,0.0,0.0416,0.2464,0.2672,0.1472,0.7504,2.992,4.8688,4.7232,2.8944,0.6928,0.1312,0.0,0.0,0.0,0.0,0.0192,0.2496,0.1552,0.0144,0.0,0.0,0.008,0.1952,0.3392,0.1152,0.0,0.0,0.0496,0.1344,0.1632,0.096,0.1152,0.0992,0.0,0.0,0.0,0.0,0.0,0.0,0.0,0.0,0.0368,0.1504,0.0288,0.0032,0.0,0.0,0.0,0.0,0.0,0.0,0.032,0.1808,0.032,0.1072,0.08,0.0064
20.0,0.0,0.0,0.0,0.0,0.0672,0.1456,0.0064,0.0832,0.136,0.0,0.0,0.0,0.0,0.0,0.0,0.0,0.0,0.0,0.0,0.0,0.0,0.0,0.0,0.0,0.184,0.0352,0.1152,0.3248,0.2176,0.0,0.0,0.0,0.0,0.0,0.0,0.0752,0.1152,0.0288,0.1232,0.0704,0.0256,0.0,0.0,0.0,0.1072,0.128,0.2096,1.4656,3.5664,4.352,3.0496,2.8192,1.8976,0.3584,0.0208,0.0,0.0,0.032,0.168,0.0192,0.0,0.0,0.0432,0.1184,0.0576,0.0672,0.152,0.0,0.0,0.0,0.0,0.0,0.0,0.0,0.0,0.0,0.0,0.0592,0.272,0.104,0.0032,0.0256,0.0544,0.0672,0.0848,0.1744,0.08,0.1184,0.0528,0.0912,0.072,0.0256,0.2,0.0496,0.0,0.0,0.0,0.0,0.0,0.0
30.0,0.0,0.0,0.0,0.0,0.0,0.0192,0.1632,0.1232,0.0224,0.1072,0.0032,0.0,0.0,0.0,0.0,0.0,0.0496,0.1984,0.1344,0.056,0.0,0.0,0.0,0.0,0.0,0.0,0.0,0.0,0.0,0.0,0.0,0.08,0.1424,0.1808,0.0352,0.2064,0.0128,0.0112,0.1968,0.1952,0.0352,0.0,0.0464,0.1728,0.0,0.0032,0.2224,1.5136,3.016,3.9536,4.1488,3.0432,1.384,0.2512,0.0016,0.2096,0.008,0.0,0.0,0.0,0.0,0.0,0.0,0.0,0.0,0.0,0.0688,0.0352,0.0928,0.0224,0.0,0.0,0.0,0.128,0.0912,0.0,0.0,0.0,0.0768,0.1424,0.0,0.0,0.064,0.104,0.0512,0.0704,0.04,0.1008,0.008,0.0,0.0768,0.272,0.0896,0.0,0.1024,0.1168,0.0,0.1456,0.0704,0.0032
40.0,0.0,0.0,0.0,0.0272,0.0784,0.104,0.0096,0.0,0.0,0.0,0.0,0.0,0.072,0.1008,0.0464,0.0,0.0,0.0,0.0064,0.0928,0.0528,0.0672,0.0032,0.1552,0.2544,0.0256,0.0,0.0,0.1232,0.392,0.1088,0.0336,0.0,0.0,0.0,0.0,0.0,0.0,0.0,0.0,0.0,0.0,0.0,0.0,0.0,0.0416,0.1328,0.6512,3.0336,5.136,5.3104,3.1328,0.5312,0.0048,0.0,0.1184,0.096,0.0048,0.0016,0.136,0.0816,0.104,0.2544,0.2416,0.1472,0.1168,0.0128,0.0,0.0,0.0,0.0,0.0,0.0,0.0,0.0,0.0,0.0,0.0,0.0448,0.0976,0.072,0.0048,0.0,0.0,0.0368,0.1472,0.0352,0.0096,0.1696,0.04,0.0,0.0,0.0,0.0,0.0064,0.0912,0.1056,0.016,0.0,0.0
50.0,0.0,0.0,0.0,0.024,0.1312,0.064,0.0,0.0,0.0048,0.0352,0.0464,0.1072,0.208,0.0368,0.0,0.0,0.0,0.0,0.0,0.0,0.0,0.0,0.0,0.0,0.0,0.0,0.0,0.0,0.0064,0.1488,0.064,0.0,0.0,0.0,0.0,0.0,0.0,0.0,0.0,0.0,0.048,0.1424,0.0288,0.0,0.0016,0.1504,0.0672,0.4016,3.2448,5.7744,4.984,3.2816,0.5024,0.0048,0.0,0.0,0.0,0.0,0.0784,0.1408,0.0,0.0,0.0,0.0,0.0,0.0096,0.128,0.0816,0.0,0.0656,0.1536,0.0,0.0,0.0,0.0,0.0192,0.1392,0.2608,0.0192,0.1344,0.0848,0.0,0.0,0.0,0.0608,0.1088,0.0496,0.0,0.0,0.0,0.0,0.0,0.0,0.0,0.0048,0.1824,0.032,0.136,0.3232,0.1984
60.0,0.2672,0.12,0.0512,0.0,0.0,0.0,0.0,0.0,0.0,0.0,0.0,0.0,0.0,0.0048,0.0704,0.0624,0.1792,0.0688,0.0528,0.0,0.0,0.0,0.0,0.0,0.0,0.0,0.0,0.0016,0.2032,0.2112,0.1824,0.0576,0.0016,0.0,0.0288,0.136,0.0544,0.0,0.0,0.0,0.0,0.0,0.0,0.0,0.0,0.0,0.0048,0.448,3.4224,5.5136,5.1696,3.2048,0.768,0.1744,0.1072,0.0384,0.0,0.0,0.0,0.0,0.0,0.0,0.0,0.0,0.0,0.0368,0.2624,0.352,0.0064,0.0,0.0,0.0,0.0,0.0,0.0,0.0,0.0,0.0,0.0,0.1056,0.1616,0.1056,0.0496,0.016,0.0,0.0,0.0,0.0096,0.0448,0.0848,0.0752,0.0048,0.0,0.0,0.0,0.0,0.0,0.0,0.0,0.0
70.0,0.0,0.0,0.0,0.0,0.0,0.0,0.0,0.0,0.0,0.0,0.0,0.0,0.0224,0.1568,0.04,0.0,0.0,0.0,0.0,0.0,0.0208,0.096,0.0976,0.0736,0.112,0.0352,0.0032,0.0,0.0,0.0,0.0,0.0,0.0,0.0,0.0,0.0192,0.1776,0.0224,0.0,0.0,0.0,0.0,0.0672,0.3216,0.0496,0.0032,0.0224,0.3952,2.5152,6.4784,6.1728,3.0672,0.1904,0.032,0.1904,0.1216,0.1008,0.0,0.0,0.0,0.0,0.0,0.0,0.0,0.0,0.0,0.0,0.0352,0.1296,0.0544,0.1312,0.288,0.0192,0.0,0.0,0.0,0.0,0.0,0.0,0.0,0.0,0.0,0.0,0.0,0.08,0.1392,0.0,0.0,0.0,0.0,0.0,0.0,0.0,0.0,0.0,0.0176,0.0928,0.1136,0.0928,0.1216
80.0,0.0,0.0,0.0,0.0,0.0,0.0,0.0,0.0,0.0,0.0,0.0,0.0,0.0,0.0,0.0352,0.1824,0.0016,0.0,0.0,0.0,0.0,0.0,0.1904,0.0288,0.0,0.0,0.0,0.008,0.0272,0.0448,0.2352,0.1232,0.016,0.1376,0.0656,0.0,0.0,0.0,0.0016,0.1968,0.0208,0.0,0.0,0.1072,0.096,0.0848,0.1648,0.7824,3.0128,5.5024,5.1888,2.984,0.9056,0.0224,0.2048,0.0144,0.0,0.0,0.0768,0.072,0.0704,0.056,0.112,0.0512,0.0,0.0,0.0,0.0,0.0,0.0,0.0,0.0,0.0,0.0,0.0,0.0,0.0,0.0496,0.1376,0.032,0.0,0.0832,0.2544,0.136,0.1776,0.0064,0.0,0.0,0.0,0.0,0.0,0.0,0.0,0.0,0.0,0.0,0.0016,0.136,0.0816,0.0
90.0,0.0,0.0,0.0,0.0,0.0,0.0,0.0,0.0,0.0,0.0,0.0,0.0,0.0,0.0,0.0,0.0,0.0,0.0,0.0,0.0,0.0,0.0,0.0,0.0,0.0,0.0,0.0,0.0,0.0,0.0,0.0,0.0,0.0,0.0,0.0,0.0,0.0,0.0,0.088,0.1312,0.0064,0.0224,0.0624,0.2544,0.1936,0.0976,0.0368,0.5648,2.8528,6.0464,5.7712,3.0976,0.4992,0.0032,0.0,0.0,0.0,0.0,0.256,0.256,0.128,0.0176,0.0,0.0,0.0096,0.0384,0.1392,0.032,0.0224,0.0496,0.0832,0.0592,0.0048,0.0,0.0,0.0,0.0,0.0,0.0,0.0752,0.1328,0.0112,0.0,0.0,0.0,0.0,0.0,0.0192,0.1936,0.0176,0.1584,0.0496,0.0,0.0,0.0,0.0,0.0032,0.1248,0.256,0.0544
100.0,0.0,0.0,0.0,0.0192,0.168,0.1456,0.0896,0.016,0.0,0.0,0.0,0.0,0.0,0.0,0.0,0.0,0.0,0.0,0.0,0.0,0.0,0.0,0.0,0.0,0.0,0.0,0.0,0.0,0.0,0.0,0.0,0.04,0.1792,0.0,0.1024,0.1168,0.0,0.0,0.0,0.0,0.0,0.0,0.0,0.0,0.0048,0.1472,0.16,0.6912,2.8032,5.744,5.3088,2.8256,0.832,0.2624,0.072,0.024,0.192,0.0032,0.0544,0.1648,0.0,0.0,0.0,0.0,0.0,0.0,0.0,0.0,0.0,0.0,0.0336,0.1856,0.12,0.0992,0.0192,0.2704,0.1488,0.0,0.008,0.1904,0.1056,0.104,0.0304,0.0,0.0,0.0,0.0,0.0,0.0768,0.2,0.16,0.0016,0.0,0.0,0.0,0.0,0.0,0.0,0.0,0.0
110.0,0.0,0.008,0.0432,0.3856,0.3472,0.0224,0.0656,0.0048,0.0,0.0,0.0,0.0,0.0,0.0,0.0,0.0,0.0096,0.152,0.0576,0.0,0.0128,0.0528,0.1296,0.024,0.0,0.0,0.0,0.008,0.0752,0.0912,0.0448,0.0,0.0,0.0,0.0,0.0,0.0,0.0,0.0,0.0,0.0,0.024,0.176,0.0192,0.0,0.0,0.0416,0.5424,3.224,5.2736,5.1376,2.992,0.7168,0.0464,0.0,0.0,0.0,0.0,0.0,0.0,0.0,0.0,0.0,0.1824,0.1008,0.1536,0.128,0.0832,0.0096,0.0,0.0,0.0,0.0016,0.0944,0.1056,0.0176,0.0,0.0,0.0,0.0,0.1056,0.104,0.0288,0.1696,0.0304,0.0,0.0,0.0,0.0416,0.2192,0.16,0.0176,0.0,0.0,0.024,0.1952,0.0,0.0,0.0256,0.1936
120.0,0.0,0.0,0.0,0.0,0.0,0.0432,0.176,0.0064,0.08,0.1248,0.1408,0.3056,0.0,0.0,0.0176,0.112,0.0896,0.0,0.0,0.0,0.1136,0.0912,0.0144,0.0,0.0,0.0,0.0048,0.1888,0.0256,0.0,0.0,0.0,0.0,0.0,0.016,0.1664,0.0368,0.0,0.0,0.0,0.0,0.1856,0.0336,0.0,0.0,0.0,0.1808,0.5632,2.8576,5.0832,5.2368,2.8976,0.6496,0.0672,0.0,0.0,0.0,0.0,0.0048,0.0592,0.1408,0.0144,0.0,0.0,0.0,0.0016,0.1744,0.0432,0.0,0.0208,0.1568,0.2608,0.5104,0.1248,0.0272,0.104,0.0704,0.04,0.0,0.0,0.0,0.0,0.0,0.0,0.0,0.0,0.1264,0.0832,0.0096,0.0512,0.0784,0.0896,0.0,0.0,0.0,0.0,0.0,0.0,0.1184,0.1008
130.0,0.104,0.1104,0.0048,0.0,0.0,0.0,0.0,0.0,0.0,0.0,0.0,0.0,0.0,0.0,0.0,0.0,0.0,0.0,0.0,0.0,0.0,0.0,0.0,0.0,0.0,0.0,0.0816,0.136,0.0016,0.0,0.216,0.3264,0.0832,0.032,0.112,0.1856,0.12,0.0192,0.0304,0.088,0.1344,0.1552,0.032,0.0,0.0,0.0,0.1968,0.8832,3.2704,5.0336,4.4256,2.5744,1.5168,0.2896,0.0032,0.0,0.056,0.1424,0.0208,0.0,0.0,0.0,0.0,0.0,0.0,0.0,0.0,0.1104,0.1136,0.1824,0.032,0.0,0.0,0.0,0.0,0.0,0.0,0.0496,0.0848,0.0816,0.0032,0.0,0.0,0.0,0.0,0.0,0.0,0.096,0.2608,0.1376,0.2416,0.1296,0.0112,0.0,0.0,0.0,0.0,0.0,0.0,0.0
140.0,0.0,0.0,0.0,0.0,0.0,0.0,0.0,0.0,0.0,0.0,0.0,0.0,0.0,0.0,0.0,0.0,0.0,0.0,0.0,0.0,0.0,0.0272,0.272,0.1392,0.0,0.0,0.0,0.0,0.0,0.0,0.1552,0.064,0.0,0.0,0.0,0.0,0.0,0.0,0.0,0.0,0.0,0.0,0.0,0.1936,0.1616,0.0832,0.0816,0.9168,3.5584,5.0208,4.744,2.8704,1.2816,0.224,0.0592,0.0752,0.0192,0.0256,0.1488,0.1264,0.1424,0.1968,0.0176,0.0,0.0,0.0,0.0,0.0,0.0,0.0,0.0,0.0,0.0016,0.0272,0.1056,0.0848,0.0,0.0,0.08,0.1312,0.008,0.0,0.0,0.0,0.0,0.0,0.0,0.0288,0.5088,0.2848,0.0544,0.0,0.0,0.0,0.0,0.0,0.0,0.0,0.0,0.0
150.0,0.0,0.0,0.0,0.0,0.0,0.0,0.0,0.0,0.0,0.0,0.0,0.04,0.136,0.0384,0.0048,0.0,0.0,0.0,0.0,0.0,0.0,0.0,0.0,0.0,0.0,0.0,0.0,0.0,0.0,0.0,0.0,0.0,0.0624,0.104,0.0528,0.0,0.0,0.016,0.0976,0.1056,0.0,0.1616,0.112,0.144,0.0208,0.0,0.1184,1.3584,3.152,4.264,4.6144,3.6048,1.1856,0.12,0.184,0.224,0.0352,0.1536,0.0624,0.064,0.0848,0.2592,0.3104,0.1296,0.0224,0.1264,0.0928,0.0,0.0,0.0,0.0,0.0,0.0,0.0,0.0,0.0,0.0,0.0,0.0,0.0,0.0,0.0,0.0,0.0,0.0,0.0,0.0,0.0016,0.0656,0.1248,0.0704,0.1296,0.0464,0.0,0.0,0.0,0.0,0.0208,0.1376,0.0608
160.0,0.0,0.0,0.0,0.0,0.0,0.0,0.0,0.0,0.0,0.0,0.0,0.0,0.0,0.0,0.0,0.0,0.0,0.0,0.0,0.0304,0.3056,0.1072,0.192,0.0224,0.0,0.0,0.0336,0.0736,0.1056,0.0064,0.0,0.0496,0.1152,0.0544,0.0,0.0,0.0704,0.1456,0.0032,0.0,0.0912,0.128,0.0,0.0,0.0,0.0,0.0528,0.9056,2.6528,4.8832,5.5328,3.24,0.4688,0.2272,0.0112,0.0032,0.072,0.2768,0.1312,0.1712,0.0192,0.088,0.2816,0.0528,0.0,0.0,0.0,0.0,0.0,0.0,0.0,0.0,0.1536,0.0656,0.0,0.0,0.0,0.0,0.0176,0.1216,0.1984,0.0832,0.0176,0.0,0.0,0.0128,0.2704,0.1552,0.0,0.0,0.0,0.0416,0.1152,0.0624,0.0,0.0,0.0,0.0,0.0,0.0
170.0,0.0,0.0,0.0,0.0,0.0,0.0,0.0032,0.1232,0.336,0.1792,0.016,0.0,0.0752,0.1888,0.1648,0.0096,0.0464,0.0512,0.096,0.0256,0.0,0.0,0.0,0.0,0.0,0.0032,0.104,0.2944,0.0368,0.0,0.0,0.0,0.0,0.0352,0.3584,0.2544,0.0096,0.0,0.0,0.0,0.0,0.0,0.0,0.0,0.0048,0.1472,0.12,0.8672,2.8848,5.272,4.8256,2.7984,0.9984,0.112,0.1136,0.0496,0.0,0.0,0.0,0.0,0.0,0.0,0.0336,0.1856,0.0,0.0,0.0,0.0,0.04,0.1152,0.064,0.0,0.0,0.128,0.0912,0.0,0.0,0.0112,0.0832,0.1248,0.0,0.0,0.0,0.0,0.0,0.0,0.0,0.0,0.0,0.0,0.0,0.0,0.0,0.0,0.176,0.2448,0.0176,0.0,0.0,0.0
180.0,0.0,0.0,0.0,0.0,0.0,0.0112,0.1744,0.0544,0.2544,0.1552,0.008,0.0,0.0,0.0,0.0,0.0,0.0,0.0,0.0208,0.152,0.0464,0.0,0.0,0.0,0.0,0.0,0.0,0.0,0.0,0.1616,0.0576,0.1824,0.3792,0.096,0.0,0.0,0.1216,0.0976,0.0,0.0,0.0,0.0896,0.2064,0.1376,0.0768,0.1872,0.6432,1.224,2.7904,4.2256,4.264,2.8064,1.704,0.2768,0.0,0.0,0.0,0.0,0.0,0.0,0.0,0.0128,0.1296,0.0768,0.0,0.0,0.0,0.0,0.0,0.0,0.0,0.0,0.0,0.0,0.0,0.0,0.0,0.0,0.0,0.0,0.0,0.0,0.0256,0.1504,0.0432,0.0,0.0,0.2144,0.0048,0.0112,0.0496,0.1456,0.3392,0.0656,0.0464,0.0,0.0,0.0,0.0,0.0
190.0,0.176,0.0432,0.0,0.0,0.0,0.0,0.0,0.0,0.0,0.0,0.0864,0.1232,0.0096,0.008,0.1504,0.0608,0.0,0.0,0.0,0.0,0.0272,0.1184,0.2064,0.0864,0.0752,0.0736,0.0704,0.0,0.0,0.0272,0.1472,0.232,0.096,0.136,0.0192,0.0,0.0864,0.1328,0.104,0.1104,0.0048,0.0,0.0,0.0,0.0,0.016,0.2064,1.152,2.7088,4.8608,4.752,2.64,1.2608,0.1376,0.0208,0.0,0.0,0.0,0.0,0.0,0.0288,0.1488,0.0432,0.1392,0.0784,0.0,0.0,0.0,0.0,0.0,0.0,0.0,0.0,0.0,0.0,0.0,0.0384,0.0896,0.2176,0.0928,0.0096,0.192,0.0176,0.0,0.0,0.0,0.0,0.0,0.0,0.0,0.0,0.1024,0.304,0.248,0.0032,0.0,0.0,0.0,0.0,0.0
200.0,0.0208,0.1168,0.0816,0.0,0.0,0.0,0.0,0.0,0.0,0.0,0.0672,0.2976,0.3936,0.1184,0.0368,0.1696,0.0128,0.0,0.0,0.0,0.0496,0.1696,0.0,0.0,0.0,0.0176,0.1552,0.0624,0.176,0.0272,0.0,0.0832,0.1536,0.1504,0.2336,0.0368,0.0,0.0,0.0336,0.1216,0.064,0.0,0.0144,0.0448,0.1328,0.0336,0.472,0.672,2.7488,4.8768,4.8768,2.9392,0.4928,0.0128,0.128,0.0848,0.0064,0.0,0.0864,0.0784,0.0544,0.0496,0.1392,0.0304,0.0,0.0,0.0176,0.1376,0.1728,0.1104,0.0,0.0,0.0,0.0,0.0,0.0,0.0,0.0,0.0,0.0,0.0,0.0,0.0,0.0,0.0,0.0,0.0,0.0016,0.136,0.072,0.0096,0.0,0.0,0.0832,0.1232,0.072,0.0656,0.0944,0.0,0.0
210.0,0.1232,0.096,0.0,0.0,0.0,0.0,0.0,0.0192,0.12,0.2704,0.0288,0.0,0.0256,0.216,0.184,0.0128,0.0,0.0,0.0,0.0,0.0,0.0,0.0,0.0,0.0608,0.2512,0.2656,0.056,0.0384,0.1728,0.032,0.0,0.0,0.0,0.0,0.0,0.0,0.0,0.0,0.1088,0.1104,0.0,0.0,0.1376,0.0208,0.0544,0.2128,0.8816,2.6336,4.3536,4.5904,3.3536,0.8608,0.2176,0.0,0.0,0.0288,0.0448,0.0592,0.2912,0.0144,0.0,0.0,0.0,0.0,0.0,0.0,0.0,0.0,0.0,0.0096,0.1008,0.32,0.008,0.0,0.0176,0.152,0.0496,0.0336,0.1856,0.0,0.0,0.0,0.0,0.0,0.0032,0.0752,0.1408,0.0,0.0624,0.1072,0.0496,0.0,0.0,0.0,0.0,0.056,0.3328,0.0656,0.2032
220.0,0.0,0.0208,0.0768,0.1216,0.0,0.0,0.0528,0.1552,0.0112,0.0,0.1312,0.088,0.0,0.0,0.0,0.0,0.0,0.0,0.0,0.0,0.0,0.0,0.0,0.0,0.0,0.0,0.0064,0.2016,0.0112,0.0,0.0,0.0,0.1568,0.2112,0.0624,0.008,0.0,0.0,0.0112,0.1696,0.1584,0.0832,0.016,0.0,0.0,0.024,0.104,0.4272,2.7168,4.8512,5.44,2.9968,0.312,0.0064,0.0,0.0,0.0,0.0,0.0816,0.176,0.1616,0.0192,0.0,0.0,0.0752,0.248,0.1008,0.0144,0.0,0.0,0.0,0.0144,0.2512,0.1536,0.1648,0.2848,0.0272,0.152,0.048,0.0,0.0544,0.2192,0.1344,0.232,0.232,0.0048,0.0,0.0,0.0,0.0,0.0,0.0,0.0176,0.184,0.0176,0.0,0.0,0.0016,0.2176,0.0
230.0,0.2192,0.0,0.0768,0.1424,0.0,0.0,0.0,0.0,0.0528,0.1488,0.0176,0.0,0.0,0.0,0.0,0.0256,0.1616,0.1392,0.112,0.12,0.0992,0.0,0.0,0.0,0.0,0.0,0.0,0.0,0.0,0.0,0.0,0.0,0.0,0.04,0.16,0.0192,0.0,0.0,0.0,0.0064,0.1472,0.032,0.0336,0.0,0.0608,0.168,0.0992,0.9904,2.6528,4.7648,4.8944,2.776,0.9808,0.264,0.104,0.1136,0.2848,0.2016,0.0672,0.0752,0.1344,0.0,0.0,0.0016,0.1824,0.032,0.0032,0.0,0.0,0.0,0.0,0.0,0.0,0.0624,0.0576,0.1392,0.1792,0.0608,0.1584,0.0,0.0,0.0,0.0,0.0,0.0,0.0176,0.1136,0.088,0.0,0.0,0.0,0.0,0.0,0.0352,0.128,0.056,0.0,0.0,0.0176,0.2016
240.0,0.0,0.0,0.0,0.0,0.0,0.0,0.0,0.0,0.0,0.0,0.1952,0.0704,0.2208,0.2496,0.1248,0.016,0.0128,0.0992,0.1072,0.0,0.0,0.0,0.0,0.1408,0.2432,0.0544,0.0,0.0,0.0,0.0,0.0,0.0,0.0,0.024,0.1392,0.0624,0.1728,0.04,0.0,0.0,0.0,0.0,0.0,0.0,0.008,0.1136,0.7824,1.5344,2.3792,3.5056,3.9168,3.0656,1.8096,0.4112,0.0096,0.0,0.0,0.0288,0.12,0.0704,0.0,0.0,0.0,0.0,0.0,0.0416,0.2976,0.2704,0.2192,0.048,0.008,0.1936,0.0176,0.0,0.0,0.1152,0.3136,0.0096,0.0,0.0816,0.112,0.0256,0.0,0.0,0.0,0.0,0.0,0.0,0.0,0.0176,0.12,0.0816,0.0,0.016,0.1472,0.056,0.0,0.0,0.0,0.0
250.0,0.0,0.0,0.0,0.0,0.0,0.0,0.0,0.0,0.0,0.0,0.1712,0.048,0.0,0.0,0.0,0.0,0.0,0.0,0.0,0.0,0.0,0.0464,0.1728,0.0,0.0,0.0,0.0,0.0,0.0,0.0,0.112,0.1168,0.176,0.1472,0.2512,0.0736,0.0,0.0,0.0,0.0,0.0,0.0,0.0,0.0,0.0,0.0432,0.1856,0.9776,2.3472,5.0304,5.6672,2.8928,0.8032,0.0272,0.1792,0.2368,0.0224,0.0,0.0,0.0,0.048,0.0864,0.2592,0.1632,0.1296,0.1728,0.0176,0.0,0.008,0.0496,0.072,0.0896,0.0752,0.1232,0.0208,0.0,0.0,0.0,0.0,0.0,0.0,0.0,0.0,0.0,0.1056,0.0832,0.0304,0.0,0.0,0.0,0.0,0.0,0.0,0.0,0.0304,0.2672,0.3232,0.0368,0.0,0.0
260.0,0.0,0.0,0.0,0.0,0.0,0.0,0.0,0.0,0.0,0.0,0.0,0.0,0.096,0.0976,0.0256,0.0,0.0256,0.056,0.1232,0.0144,0.0,0.0,0.0,0.0,0.0,0.0,0.0,0.0,0.0,0.0,0.0,0.0,0.0176,0.2016,0.1552,0.064,0.0,0.0,0.0512,0.1472,0.0208,0.0,0.0,0.1376,0.0736,0.008,0.0016,0.8432,3.5632,4.8736,4.6192,3.6944,0.7728,0.0944,0.2704,0.16,0.1728,0.0048,0.0672,0.1216,0.224,0.0256,0.0272,0.1408,0.0512,0.0,0.0,0.0,0.0,0.0,0.0,0.0384,0.112,0.0688,0.0,0.0,0.0,0.0,0.0,0.0,0.0112,0.0992,0.2272,0.1056,0.128,0.0864,0.0,0.0,0.0,0.0,0.0,0.0,0.0,0.0,0.0,0.0,0.0,0.0,0.0,0.0
270.0,0.0,0.0,0.0,0.0,0.0,0.0,0.0,0.0,0.0,0.1232,0.096,0.0,0.0,0.1856,0.0336,0.0,0.0,0.0,0.0,0.0,0.0,0.0,0.0,0.0,0.0,0.0,0.0,0.0,0.024,0.152,0.0432,0.088,0.1296,0.0016,0.0048,0.1456,0.0688,0.0,0.0,0.0,0.1136,0.1056,0.0,0.0,0.168,0.0512,0.0768,0.976,2.7776,4.8688,5.592,3.1968,0.688,0.0608,0.12,0.0352,0.0208,0.0,0.0,0.1232,0.1024,0.0976,0.3072,0.2192,0.0272,0.0,0.0,0.0,0.0,0.0,0.0512,0.144,0.024,0.0,0.0,0.0,0.0,0.0,0.0,0.0,0.0,0.1952,0.024,0.0,0.0,0.0,0.0,0.0,0.0,0.0,0.0,0.0,0.0,0.0,0.0,0.0128,0.0432,0.232,0.1968,0.1728
280.0,0.0,0.0,0.0,0.0,0.0,0.0,0.0848,0.0352,0.0288,0.0512,0.0192,0.0912,0.1072,0.0208,0.0,0.0,0.0,0.0,0.096,0.1008,0.0384,0.0608,0.1376,0.0144,0.2016,0.2096,0.0176,0.0,0.0,0.0,0.0112,0.0816,0.1168,0.0096,0.0,0.0064,0.28,0.0784,0.096,0.1344,0.0624,0.0,0.024,0.1584,0.0368,0.0208,0.1216,0.7584,2.464,5.0784,5.3056,3.12,0.9968,0.0832,0.0256,0.0,0.0,0.0592,0.1568,0.0032,0.0,0.0,0.0,0.0,0.0144,0.2032,0.0016,0.0,0.0,0.0,0.0,0.0016,0.2096,0.008,0.0,0.0384,0.152,0.2512,0.1696,0.0464,0.0,0.0,0.0,0.0,0.0,0.0,0.0,0.0,0.0,0.0,0.0,0.0,0.0,0.0,0.0,0.0288,0.1456,0.0448,0.0,0.0
290.0,0.12,0.08,0.0192,0.0576,0.1616,0.0,0.0,0.0,0.0256,0.0176,0.0544,0.1216,0.1136,0.104,0.0016,0.0,0.0,0.0,0.0096,0.1376,0.072,0.0,0.0,0.0,0.0,0.0688,0.0464,0.104,0.0,0.0,0.0,0.0,0.0624,0.1568,0.0,0.0,0.0,0.0,0.0,0.1264,0.0928,0.0,0.0,0.0,0.0,0.0,0.0208,1.0208,3.1952,4.992,5.2048,3.4928,0.544,0.1616,0.0,0.0,0.0,0.0,0.0,0.0544,0.1312,0.0336,0.0,0.0,0.0,0.0,0.184,0.0352,0.0,0.0,0.0,0.0,0.0,0.0,0.0,0.0,0.0,0.0,0.0,0.0,0.0,0.0,0.0,0.0,0.0,0.0,0.0,0.0656,0.4368,0.1552,0.0,0.0,0.0,0.0416,0.112,0.0336,0.1248,0.1264,0.0,0.0
300.0,0.048,0.1536,0.0176,0.0,0.0,0.0,0.0,0.0,0.0928,0.1264,0.0,0.0,0.0,0.0096,0.2432,0.1792,0.0064,0.0,0.0,0.0832,0.2576,0.0976,0.0,0.0,0.0,0.0,0.0,0.0,0.0,0.0304,0.2672,0.1408,0.0,0.0,0.0,0.0,0.0,0.0,0.0,0.0,0.0,0.0,0.0,0.0,0.104,0.0608,0.1584,0.7296,3.1792,5.0016,5.096,3.2992,0.9696,0.0336,0.0,0.0,0.0,0.0,0.0,0.0,0.0,0.0,0.0,0.008,0.0816,0.1296,0.0,0.0,0.1104,0.0688,0.04,0.0,0.0,0.0,0.0,0.0,0.0,0.0,0.0,0.0,0.0,0.0,0.0,0.0,0.1296,0.0896,0.0,0.0,0.0,0.0,0.0,0.0,0.0272,0.2352,0.144,0.136,0.1136,0.0016,0.0832,0.136
310.0,0.0,0.0,0.0,0.0,0.0192,0.0672,0.1152,0.0176,0.0,0.0,0.0,0.2592,0.0992,0.08,0.0,0.0,0.0,0.0,0.0,0.0448,0.2048,0.1776,0.0112,0.0,0.008,0.1952,0.1776,0.0768,0.1648,0.0352,0.0,0.0,0.0928,0.1056,0.1616,0.1296,0.1424,0.0256,0.0,0.0,0.0,0.0,0.0,0.0,0.0144,0.0432,0.6432,1.776,2.3696,4.0384,4.3504,3.5264,1.5104,0.3536,0.0064,0.0,0.0,0.0,0.0,0.0,0.0,0.0,0.1696,0.1056,0.1216,0.0416,0.0,0.0,0.0,0.0,0.0,0.0,0.0,0.0,0.0,0.0,0.0,0.0032,0.1056,0.1104,0.0,0.0,0.0,0.0,0.0,0.0,0.0,0.0,0.0,0.0,0.0,0.0,0.0,0.0,0.0,0.0,0.0,0.0112,0.2048,0.0032
320.0,0.1456,0.0672,0.0064,0.0,0.0,0.0,0.0,0.0,0.0,0.0,0.0,0.0,0.0,0.0,0.0704,0.1488,0.0,0.0,0.048,0.1696,0.0016,0.0,0.0,0.0224,0.176,0.0208,0.08,0.1392,0.0,0.0,0.0,0.0,0.0,0.0,0.0,0.0,0.0,0.0,0.0,0.0,0.0,0.0,0.0,0.0208,0.1504,0.048,0.056,0.448,3.7584,6.0864,4.8912,3.1968,1.0064,0.064,0.0016,0.0832,0.1104,0.0256,0.0,0.0,0.0,0.0,0.0,0.0,0.0,0.0,0.0,0.0,0.0,0.0,0.0,0.0336,0.1776,0.008,0.0,0.0,0.0464,0.3376,0.0544,0.0,0.0,0.0,0.0,0.0,0.0,0.0,0.0,0.0,0.0,0.0,0.0,0.0,0.0,0.0,0.0,0.0,0.0048,0.0864,0.0448,0.0832
330.0,0.0,0.0,0.0,0.0,0.0,0.0,0.0,0.0,0.0,0.0,0.0,0.0,0.0,0.0,0.0,0.0064,0.1136,0.3024,0.016,0.0032,0.224,0.1856,0.0256,0.0,0.0,0.0,0.0,0.0,0.0,0.0,0.0,0.0,0.0,0.0,0.0,0.0,0.0,0.0,0.0,0.0,0.0,0.0,0.0,0.0,0.0,0.0,0.0512,0.8608,3.2608,5.8224,5.4416,3.5088,0.9872,0.0144,0.0,0.0,0.0,0.0,0.0,0.0,0.0,0.0,0.0,0.0,0.0,0.0,0.0,0.0,0.0,0.0,0.0,0.0,0.0,0.0,0.0016,0.1664,0.12,0.1312,0.0592,0.1104,0.2736,0.0144,0.0,0.0,0.0,0.0,0.0,0.0,0.0,0.0,0.0,0.0,0.0,0.0608,0.1504,0.008,0.0,0.0,0.0,0.0
340.0,0.0752,0.1232,0.0208,0.0,0.0,0.0,0.0,0.0752,0.128,0.16,0.0752,0.0,0.0,0.0,0.0,0.0,0.0,0.0,0.0,0.0,0.0,0.0,0.0,0.0336,0.104,0.0816,0.0,0.0,0.0,0.0,0.0,0.0,0.0,0.0,0.0,0.0,0.0,0.0,0.0048,0.128,0.0512,0.0352,0.0,0.0,0.0,0.0144,0.1712,1.2832,3.5328,4.6672,4.5344,3.6352,1.3376,0.1024,0.0112,0.0,0.0,0.0,0.0,0.0,0.0,0.0,0.0,0.0,0.0,0.0,0.0,0.2832,0.3616,0.0128,0.0,0.0,0.0,0.0,0.0,0.0,0.0656,0.1072,0.2624,0.0032,0.0,0.0,0.0,0.0,0.0,0.0,0.0,0.1152,0.104,0.0,0.0,0.1056,0.1136,0.0,0.0,0.0,0.0,0.0,0.0,0.0
350.0,0.0,0.0,0.0,0.0,0.0,0.0,0.0,0.0,0.0,0.0,0.0,0.0,0.0,0.0,0.0064,0.0832,0.0784,0.0512,0.0,0.0,0.0,0.0,0.0,0.0,0.0,0.0,0.0176,0.08,0.1216,0.0,0.0,0.0,0.0,0.0,0.0,0.0,0.0,0.0,0.0,0.0,0.0,0.0,0.0,0.0,0.0,0.0288,0.0768,1.1232,3.3008,5.0992,5.0512,3.4496,1.0736,0.0864,0.0,0.0,0.0,0.0256,0.1936,0.0928,0.0992,0.0272,0.0,0.0,0.0288,0.1664,0.024,0.0,0.016,0.1008,0.2224,0.0928,0.0064,0.0,0.0,0.0,0.0,0.0032,0.1712,0.0448,0.0,0.0,0.1024,0.0864,0.2304,0.0192,0.0,0.0,0.0,0.0,0.0,0.0,0.0,0.0,0.0,0.296,0.1376,0.0048,0.0,0.0
360.0,0.0,0.0,0.0,0.0,0.0,0.0,0.0,0.0,0.0,0.0,0.0,0.0,0.0,0.0,0.0,0.0,0.0,0.0,0.0,0.0,0.0,0.0,0.0032,0.3568,0.2016,0.096,0.0,0.1968,0.0224,0.0,0.0,0.0,0.0,0.0,0.0,0.1248,0.0816,0.0128,0.0,0.0,0.0,0.0,0.0,0.0,0.0,0.1248,0.3184,1.5792,3.2384,4.9952,4.5168,3.3408,1.0944,0.4544,0.0656,0.0,0.0,0.0,0.1008,0.104,0.0144,0.0,0.0,0.0,0.0,0.0608,0.1584,0.0048,0.0672,0.1168,0.1024,0.104,0.0432,0.0,0.0,0.0,0.0,0.0,0.0,0.0,0.0,0.0,0.0096,0.192,0.0176,0.0,0.0,0.0,0.0,0.0,0.0,0.0,0.0,0.0,0.0,0.0,0.0,0.0,0.0,0.0
370.0,0.0,0.0,0.0,0.0,0.0,0.0,0.0,0.0,0.0,0.0,0.0,0.0,0.0,0.0,0.0,0.0,0.0,0.0,0.0288,0.16,0.1936,0.056,0.0,0.0,0.0,0.0,0.0,0.0,0.0784,0.08,0.0608,0.0,0.0,0.0,0.0,0.0,0.0,0.0,0.0,0.0,0.0,0.0,0.0464,0.1728,0.0,0.024,0.2048,0.8512,3.264,5.5296,5.9424,3.5472,0.5456,0.0688,0.08,0.1088,0.0,0.0,0.0,0.0,0.0,0.0,0.0,0.0,0.0,0.0,0.0,0.0,0.0,0.0,0.0,0.0,0.0,0.0,0.0,0.0,0.1456,0.0736,0.0,0.0,0.0,0.0,0.0208,0.1248,0.0624,0.0112,0.0,0.0032,0.0496,0.1216,0.0448,0.0,0.0,0.0,0.104,0.1152,0.0,0.0,0.0,0.0
380.0,0.0,0.0,0.0,0.0,0.0,0.0,0.0,0.0,0.0,0.0208,0.12,0.072,0.0064,0.0576,0.1568,0.0048,0.0,0.0,0.0,0.0,0.0,0.0,0.0,0.0,0.0,0.0,0.0,0.0,0.0064,0.1824,0.2256,0.024,0.0,0.0,0.0,0.0,0.0,0.0,0.0,0.0,0.0,0.0,0.0,0.0,0.0,0.0032,0.0624,1.048,3.056,5.528,5.5648,3.3344,0.8128,0.0976,0.0032,0.2048,0.0128,0.0,0.0,0.0352,0.0896,0.0784,0.0208,0.1328,0.0816,0.0,0.0,0.0,0.0,0.0,0.0,0.0,0.0,0.0,0.0,0.0,0.0,0.0,0.0,0.0,0.0,0.0,0.0,0.0,0.048,0.1568,0.1632,0.0576,0.0128,0.0,0.0,0.0,0.0,0.0032,0.0592,0.0896,0.0672,0.072,0.1472,0.0
390.0,0.0,0.0,0.0,0.0,0.0,0.0,0.0,0.0,0.0,0.0,0.0,0.0,0.0,0.0,0.0,0.0,0.0368,0.1264,0.056,0.0,0.0,0.0,0.0,0.0,0.0,0.0,0.1136,0.1056,0.0,0.0,0.0304,0.1552,0.0336,0.0,0.0576,0.1552,0.0064,0.0,0.0,0.0,0.0,0.0,0.0,0.0,0.0,0.0,0.0352,1.0064,3.6512,5.1456,5.344,3.2528,0.9712,0.1024,0.1584,0.0608,0.176,0.0432,0.0,0.0,0.0,0.0,0.0,0.0,0.0032,0.1696,0.0464,0.0,0.0,0.0,0.0,0.0,0.0,0.0,0.0,0.0,0.0,0.0,0.0,0.0,0.0,0.0,0.1136,0.096,0.0096,0.0,0.0,0.0,0.0,0.0384,0.176,0.0048,0.0,0.0,0.0,0.0,0.0,0.0,0.0976,0.3408
400.0,0.0,0.0,0.0496,0.152,0.0176,0.0,0.0,0.0,0.0,0.0,0.0,0.0,0.0,0.0,0.0496,0.1328,0.0288,0.0896,0.1376,0.0,0.072,0.2208,0.144,0.0016,0.0,0.0,0.0,0.0,0.0,0.0,0.0,0.0,0.0,0.0,0.0064,0.2,0.0128,0.0,0.0,0.0,0.0,0.0,0.0,0.0,0.0,0.0224,0.0624,0.7232,3.4816,5.5376,5.4752,3.1984,0.8992,0.1088,0.0,0.1104,0.176,0.096,0.056,0.0,0.0,0.0,0.0,0.0,0.0,0.0,0.0,0.0,0.0,0.0,0.0,0.0,0.0,0.0,0.0,0.0,0.0,0.0,0.0,0.0,0.0,0.0064,0.1296,0.056,0.0272,0.0032,0.1216,0.0656,0.0288,0.0,0.0,0.0,0.0,0.0352,0.1472,0.0368,0.0,0.0,0.0,0.0
410.0,0.0,0.0,0.0,0.0,0.0,0.0,0.0,0.0,0.0512,0.1456,0.0224,0.0,0.0,0.0144,0.056,0.1488,0.0,0.0,0.0,0.0,0.0,0.0096,0.0272,0.1184,0.2016,0.144,0.16,0.0784,0.0768,0.0608,0.0,0.0,0.0,0.0,0.0,0.0,0.0,0.0672,0.0976,0.0544,0.0,0.1696,0.128,0.1008,0.04,0.0048,0.1456,0.7808,2.8656,5.7792,5.1264,3.2864,0.824,0.0384,0.0,0.0,0.0,0.0,0.0,0.0,0.0,0.0,0.0,0.0,0.0,0.0,0.0,0.0,0.0,0.0,0.0,0.0,0.0,0.0,0.0992,0.128,0.176,0.0352,0.0048,0.1264,0.088,0.0,0.0,0.0,0.0,0.0,0.0,0.0,0.0,0.0,0.0,0.0,0.0304,0.0848,0.104,0.056,0.1024,0.0608,0.0,0.0
420.0,0.0,0.0,0.0,0.0464,0.0928,0.08,0.0,0.0,0.0,0.0,0.0048,0.1872,0.0272,0.0,0.0944,0.2528,0.0464,0.0448,0.0,0.0,0.0,0.0,0.0,0.0144,0.1696,0.0352,0.0,0.0,0.0,0.0,0.0944,0.1248,0.0,0.0,0.0,0.0,0.0,0.0,0.0,0.0416,0.1536,0.1344,0.1088,0.0,0.0,0.0,0.1136,0.6448,3.0544,5.6208,5.4944,3.1328,0.7696,0.0208,0.0,0.0,0.0,0.0,0.0,0.0,0.0,0.0,0.0,0.0032,0.1744,0.0416,0.0,0.0,0.0,0.0,0.0,0.0,0.0,0.0,0.0,0.0,0.0,0.0,0.0048,0.0688,0.032,0.0848,0.0288,0.0,0.0,0.0,0.0,0.0,0.0,0.0,0.0,0.0,0.0,0.0112,0.1904,0.3008,0.272,0.088,0.0144,0.0
430.0,0.2192,0.0,0.0,0.0,0.0,0.0,0.0,0.0,0.0,0.0,0.032,0.1568,0.0304,0.0,0.0,0.0,0.0,0.0,0.0,0.0,0.0,0.0,0.0336,0.0448,0.0912,0.0464,0.0032,0.0,0.0,0.0,0.0,0.0,0.0,0.0,0.0,0.0,0.0,0.0,0.0,0.0176,0.192,0.088,0.048,0.16,0.088,0.056,0.0192,0.456,3.4864,5.7216,5.808,2.8144,1.0976,0.1136,0.0,0.0,0.0,0.0,0.0,0.016,0.0672,0.0992,0.0368,0.0,0.0,0.0,0.0,0.0992,0.12,0.0,0.0,0.0,0.0,0.0,0.0,0.0,0.0,0.0,0.0,0.0,0.0,0.0,0.0,0.0,0.0,0.0,0.0,0.0,0.1504,0.1568,0.0976,0.0336,0.0,0.0,0.0,0.0,0.0,0.0,0.0416,0.1776
440.0,0.0,0.0,0.0,0.0,0.0,0.0,0.0,0.0,0.096,0.2544,0.296,0.0112,0.0,0.0,0.0,0.0,0.1376,0.176,0.1568,0.1872,0.0128,0.1232,0.0832,0.0,0.0,0.0,0.0,0.0224,0.0416,0.12,0.0352,0.0,0.0,0.0,0.0,0.0,0.0,0.1232,0.096,0.0,0.0,0.0,0.0,0.0656,0.1456,0.008,0.0224,0.7792,3.5632,5.24,5.2224,3.448,0.5648,0.0112,0.0,0.0,0.0,0.0,0.0016,0.1712,0.0464,0.0,0.0,0.0,0.0,0.0,0.0,0.0,0.016,0.1392,0.0624,0.0016,0.0,0.0,0.0,0.0,0.0,0.0,0.0,0.0,0.0,0.0,0.0,0.0,0.0,0.0,0.0,0.0,0.0,0.0,0.0,0.008,0.1312,0.1392,0.0352,0.0912,0.0336,0.0,0.0,0.0
450.0,0.0592,0.0896,0.2496,0.1792,0.08,0.0,0.0,0.0,0.0,0.0,0.0,0.0,0.0,0.0,0.0,0.0,0.0,0.1472,0.2752,0.016,0.0,0.0096,0.1328,0.0768,0.096,0.1232,0.0,0.0,0.0,0.0208,0.0608,0.1376,0.0,0.0,0.0,0.0,0.0,0.0,0.0,0.0,0.0,0.0,0.0,0.0,0.0,0.0,0.0976,0.6976,3.376,5.3776,5.096,3.2784,1.032,0.1152,0.0,0.0,0.0,0.0,0.0,0.0,0.0,0.1008,0.1024,0.016,0.0,0.0,0.0096,0.1152,0.0944,0.0,0.0,0.0,0.0,0.0,0.0,0.0,0.0,0.0,0.0,0.0,0.0,0.0,0.0,0.0,0.0,0.0,0.0,0.0,0.0,0.0,0.0112,0.2384,0.1376,0.0512,0.0,0.0,0.0,0.0,0.0336,0.1856
460.0,0.0,0.0,0.0,0.0,0.0,0.0,0.0,0.0,0.0224,0.176,0.0208,0.0,0.0,0.0,0.0,0.0,0.0,0.0,0.0,0.1424,0.08,0.2032,0.0128,0.0,0.0368,0.0512,0.0528,0.0784,0.1584,0.0608,0.0,0.0,0.0,0.0,0.0,0.0,0.0928,0.0928,0.0336,0.0112,0.136,0.0464,0.0256,0.0,0.0,0.0,0.024,0.6896,3.6224,5.2464,5.5296,3.0416,0.592,0.2448,0.08,0.0,0.0,0.0,0.0,0.0,0.0,0.0,0.0,0.0,0.0,0.0,0.0512,0.1328,0.0352,0.0,0.0,0.0,0.032,0.1504,0.0368,0.0256,0.1488,0.0384,0.0064,0.0,0.0,0.0,0.0,0.0768,0.1424,0.0,0.0,0.0,0.0,0.0656,0.024,0.128,0.0016,0.056,0.1024,0.0608,0.0,0.0,0.0,0.0
470.0,0.2192,0.0,0.0,0.0032,0.1216,0.0928,0.0016,0.0,0.0,0.0,0.0,0.0,0.0,0.0,0.0,0.0,0.0,0.0,0.0,0.0,0.0,0.0,0.0,0.0,0.0,0.0,0.0,0.0,0.0,0.0,0.0,0.0,0.0,0.0016,0.1072,0.24,0.1792,0.0928,0.0368,0.0,0.0,0.0,0.0,0.016,0.1728,0.1344,0.2368,0.8288,3.5952,4.9952,5.1184,3.2112,0.6928,0.064,0.0048,0.0,0.0,0.0,0.0,0.0,0.0,0.0,0.0,0.0,0.0,0.0,0.0608,0.1104,0.048,0.0,0.0,0.0,0.0,0.0848,0.16,0.3088,0.0656,0.0384,0.0,0.0,0.0,0.0,0.0,0.0448,0.1568,0.0704,0.1504,0.016,0.0,0.0272,0.1808,0.0112,0.024,0.1696,0.0256,0.0,0.0,0.0,0.0,0.0
480.0,0.0,0.0,0.0,0.0,0.0,0.0,0.0,0.0432,0.2048,0.1904,0.0,0.0,0.0,0.0,0.0,0.0,0.0,0.0,0.0,0.0,0.0,0.0096,0.0256,0.12,0.064,0.0,0.0,0.0,0.0,0.0,0.0,0.0,0.0,0.0,0.0,0.0,0.0,0.0768,0.288,0.0736,0.0,0.0,0.0,0.0048,0.096,0.3072,0.184,0.6928,3.1488,5.3392,4.8848,3.3264,0.8448,0.0224,0.0,0.0,0.0,0.0,0.0,0.0,0.0,0.0,0.0,0.0016,0.0992,0.1984,0.216,0.1424,0.0,0.0,0.0,0.0672,0.1264,0.0256,0.0,0.0,0.0,0.0,0.0,0.0288,0.368,0.0416,0.0,0.0,0.0,0.0032,0.264,0.1664,0.0048,0.0,0.0,0.0,0.0,0.0,0.0,0.0,0.0,0.0,0.0688,0.1504
490.0,0.0,0.0,0.0,0.0,0.0,0.0,0.0,0.0,0.0,0.0,0.0,0.0464,0.1136,0.0592,0.0,0.0,0.0,0.0,0.0,0.0,0.0,0.024,0.2304,0.144,0.04,0.0,0.0,0.0,0.0,0.0816,0.1376,0.0,0.0,0.0,0.0,0.0,0.0,0.0,0.0,0.0,0.1776,0.2048,0.056,0.0,0.0,0.0208,0.0432,0.9088,3.392,4.5856,5.072,3.664,0.7056,0.0208,0.0064,0.2048,0.008,0.0,0.0,0.0,0.0,0.0,0.1616,0.0576,0.0,0.0,0.0,0.0096,0.1968,0.1232,0.184,0.0272,0.1584,0.1664,0.0112,0.0,0.0,0.0,0.0,0.0,0.0704,0.1392,0.0096,0.0,0.0,0.0,0.0,0.0,0.0208,0.1984,0.0,0.0,0.0,0.008,0.1344,0.2192,0.0576,0.0192,0.0,0.0
500.0,0.0,0.0,0.0,0.0,0.0,0.0,0.0,0.0096,0.2032,0.0064,0.0,0.0,0.0,0.0064,0.08,0.2704,0.2384,0.0624,0.0,0.0,0.0,0.0,0.0,0.0,0.0,0.0,0.0,0.0,0.0,0.0,0.0,0.0,0.0,0.0,0.0,0.0,0.0,0.0,0.0,0.0,0.0,0.0,0.1312,0.088,0.0,0.0176,0.0608,0.9824,3.1536,4.7568,5.4544,3.096,0.7136,0.1776,0.0,0.0,0.0,0.0,0.0,0.0048,0.1424,0.2032,0.088,0.0272,0.1456,0.0464,0.0,0.088,0.1312,0.0,0.0,0.0,0.0,0.0032,0.1712,0.1952,0.0688,0.0416,0.168,0.0096,0.0144,0.176,0.0288,0.0,0.0,0.0,0.0,0.0,0.0,0.0,0.0,0.0,0.0,0.0,0.096,0.1184,0.0144,0.1648,0.1024,0.1616
510.0,0.0,0.0,0.0,0.0176,0.1584,0.0432,0.0,0.0,0.0,0.0,0.0,0.0,0.0,0.0,0.0,0.0,0.0016,0.104,0.1136,0.0,0.0,0.0,0.0,0.0,0.0,0.0,0.0,0.0,0.0,0.0,0.0,0.0,0.0,0.0,0.0,0.0,0.0,0.0,0.0224,0.0496,0.0496,0.1792,0.1376,0.0,0.1936,0.2448,0.136,1.4592,3.4384,4.2816,3.8704,3.3456,1.3024,0.1392,0.0016,0.0,0.0,0.0,0.0,0.0,0.0,0.0,0.0,0.0,0.0,0.0,0.0,0.0,0.0,0.0,0.1216,0.1056,0.0544,0.5136,0.104,0.1312,0.192,0.0784,0.0752,0.1552,0.0032,0.0,0.0496,0.168,0.0016,0.0,0.0,0.0,0.0,0.0592,0.16,0.0,0.0288,0.16,0.3424,0.1264,0.0,0.0,0.0,0.0
520.0,0.0256,0.0896,0.2112,0.112,0.0,0.0,0.0,0.0,0.0,0.0,0.0,0.0864,0.0912,0.1136,0.12,0.1296,0.1168,0.0,0.0,0.0,0.0,0.0,0.08,0.0832,0.056,0.0,0.0032,0.1776,0.0384,0.0,0.0,0.0,0.0,0.0,0.0,0.0,0.0,0.0,0.0,0.0,0.0,0.0,0.08,0.2784,0.08,0.008,0.1216,1.0512,2.9312,4.7856,5.2672,3.4736,0.7328,0.144,0.1056,0.0112,0.0,0.0,0.0,0.0,0.0,0.0,0.0,0.0,0.0,0.0,0.0,0.0,0.0,0.0656,0.1536,0.0,0.0,0.0,0.0,0.0,0.0,0.0976,0.12,0.0016,0.096,0.1232,0.0,0.0,0.0,0.0,0.0,0.0,0.0224,0.1152,0.1216,0.1632,0.016,0.0,0.0,0.0,0.0128,0.0816,0.1232,0.0016
530.0,0.0,0.0,0.0,0.0,0.0,0.0,0.0,0.0,0.0,0.0,0.0,0.0,0.0,0.0,0.0,0.0048,0.1776,0.0368,0.0,0.0,0.0,0.0,0.0,0.1744,0.0448,0.0,0.0,0.0,0.0,0.0,0.0,0.0,0.0144,0.1824,0.0224,0.0,0.0176,0.056,0.0896,0.056,0.0,0.0,0.0,0.0,0.0,0.0,0.0256,0.7472,3.1104,5.5376,5.8512,3.1056,0.6256,0.0672,0.0,0.0,0.0,0.0,0.0,0.0448,0.1744,0.0,0.0496,0.1696,0.0,0.0192,0.0944,0.0416,0.0464,0.056,0.1808,0.0256,0.1024,0.1024,0.208,0.0448,0.1216,0.0528,0.0,0.0,0.0,0.0,0.0,0.0,0.0,0.0,0.0,0.0,0.0,0.0,0.0,0.0,0.0,0.0,0.0,0.0048,0.192,0.0224,0.0,0.2192
540.0,0.0,0.0,0.0,0.0,0.0,0.0,0.1216,0.0976,0.0,0.0,0.0,0.0,0.0,0.0,0.0,0.0,0.0,0.0,0.0,0.0,0.0,0.1232,0.0832,0.0128,0.0,0.0,0.0,0.0,0.0,0.0,0.0,0.0,0.0,0.0176,0.1072,0.0944,0.0,0.0,0.0,0.0,0.0,0.0,0.0864,0.1328,0.0,0.0032,0.152,0.9216,2.968,5.384,5.824,2.9568,1.0896,0.1536,0.056,0.0,0.0,0.0,0.0,0.0,0.0,0.0224,0.1232,0.2224,0.0704,0.0,0.0,0.0,0.0,0.0,0.0,0.0048,0.208,0.0064,0.0208,0.2288,0.144,0.0448,0.0,0.0,0.0,0.1488,0.0704,0.0,0.048,0.1696,0.0016,0.0,0.0,0.0,0.0,0.0,0.0,0.0,0.0,0.0,0.0,0.0,0.0,0.0
550.0,0.024,0.1248,0.0704,0.0816,0.1344,0.0032,0.0,0.0,0.0,0.0,0.0,0.0,0.0304,0.0976,0.224,0.0864,0.0,0.1328,0.0864,0.0,0.0,0.0,0.0,0.0,0.0,0.0,0.0,0.0,0.0,0.0,0.0,0.0,0.0,0.0,0.0,0.0,0.0,0.0,0.0,0.0,0.0,0.0,0.0,0.0,0.0,0.0,0.0752,0.5376,3.8192,5.4112,5.4176,3.0912,0.76,0.1424,0.0352,0.0176,0.1248,0.0464,0.0256,0.048,0.2272,0.2912,0.096,0.0,0.0,0.0,0.0,0.0,0.0,0.0,0.0,0.0,0.0,0.0,0.0,0.0,0.024,0.1904,0.0768,0.1472,0.0,0.0,0.0,0.0,0.0,0.0,0.0,0.0,0.0,0.0,0.0,0.0,0.0,0.0,0.0,0.0,0.0112,0.0528,0.1248,0.0304
560.0,0.0432,0.0992,0.0768,0.0,0.0,0.0,0.0,0.0,0.0,0.0,0.0,0.0,0.0,0.0,0.0,0.0,0.0,0.0,0.0,0.136,0.2304,0.0992,0.0432,0.128,0.0208,0.0,0.0,0.0,0.0,0.0,0.0,0.0,0.0,0.0,0.0,0.0,0.0,0.0,0.0,0.0,0.0,0.0,0.0368,0.1792,0.0032,0.0,0.0512,0.6816,3.6096,5.2512,5.4704,3.328,0.8128,0.0848,0.0,0.0,0.0,0.0,0.1312,0.088,0.0,0.0,0.0,0.0,0.0,0.0,0.0,0.0,0.0,0.0,0.16,0.0592,0.0,0.008,0.1472,0.064,0.0,0.0,0.0864,0.2416,0.1424,0.1328,0.136,0.1328,0.0048,0.0,0.0,0.0,0.0,0.0,0.0,0.0,0.0,0.0,0.0,0.0,0.0,0.0,0.0,0.0
570.0,0.1632,0.056,0.0,0.0,0.0,0.0,0.0,0.0,0.0,0.0,0.0,0.0,0.0,0.0,0.0,0.0,0.0,0.0,0.0,0.008,0.0416,0.0976,0.1968,0.0944,0.0,0.0,0.0,0.0,0.0,0.0,0.0,0.0,0.0,0.0,0.0,0.0,0.0,0.0,0.0608,0.1392,0.0192,0.0,0.0,0.2912,0.1472,0.0048,0.112,0.9376,3.0544,5.2512,5.2624,3.2592,0.92,0.0496,0.0,0.0,0.0528,0.1424,0.024,0.0,0.0,0.2016,0.0176,0.0,0.0,0.0,0.0016,0.104,0.096,0.0176,0.0992,0.296,0.1904,0.072,0.0,0.0,0.0,0.0,0.0,0.0,0.0,0.0,0.0,0.0,0.0,0.0,0.0,0.0,0.0,0.0032,0.0832,0.0272,0.0208,0.0752,0.1328,0.096,0.0,0.0,0.0,0.0
580.0,0.0,0.0,0.0,0.0,0.0,0.0,0.0,0.0,0.0,0.0,0.0,0.0,0.0,0.0,0.0,0.0,0.0,0.0,0.0,0.0,0.0208,0.0576,0.1408,0.0064,0.176,0.2496,0.0064,0.0,0.0,0.0,0.0,0.152,0.0672,0.0,0.0,0.0,0.0,0.0,0.0,0.0,0.0,0.048,0.1696,0.0016,0.0,0.0,0.0224,0.4736,3.2144,6.008,6.3952,3.1616,0.4528,0.0,0.0,0.0,0.0,0.0,0.0,0.0,0.0,0.0,0.0,0.0,0.016,0.08,0.104,0.0192,0.0,0.0,0.0,0.0,0.0,0.0,0.0,0.0,0.0064,0.1024,0.0432,0.0272,0.0576,0.1376,0.064,0.0,0.0,0.0,0.0,0.104,0.2736,0.048,0.0128,0.0,0.0,0.0,0.0,0.0,0.0,0.0,0.0,0.0
590.0,0.0,0.0,0.0224,0.1408,0.056,0.0,0.0,0.0,0.104,0.1152,0.0,0.0,0.0,0.0,0.0,0.0,0.0,0.0,0.0,0.0,0.0,0.0,0.0,0.0,0.0,0.008,0.248,0.168,0.0144,0.0336,0.1856,0.0,0.0,0.0,0.0,0.0064,0.104,0.1088,0.0,0.0,0.0,0.0,0.0752,0.1424,0.0016,0.0224,0.1456,0.6896,3.0464,5.44,5.88,3.4336,0.6192,0.0128,0.0,0.0,0.0,0.0,0.0,0.0,0.1088,0.0944,0.0176,0.1408,0.0768,0.0,0.0,0.0,0.0,0.0,0.184,0.0352,0.0,0.0,0.0,0.0,0.0,0.0,0.0,0.0,0.0,0.0,0.0,0.0,0.1424,0.0768,0.0,0.0,0.0128,0.1648,0.0416,0.0,0.0,0.0,0.0,0.0,0.0,0.0,0.0,0.0
600.0,0.1632,0.056,0.0,0.0,0.0,0.0544,0.0528,0.112,0.0,0.0,0.0,0.0,0.0,0.0,0.0,0.0,0.0544,0.144,0.0208,0.0,0.0,0.0,0.0,0.0,0.0768,0.4592,0.264,0.0768,0.0,0.0,0.0,0.0,0.0,0.0,0.0,0.0,0.0,0.0,0.0064,0.1712,0.0416,0.0,0.0,0.0,0.0,0.0,0.1168,1.048,3.344,5.7264,5.1168,2.9808,1.1664,0.2144,0.0144,0.0,0.0,0.0,0.0,0.0,0.0,0.0,0.0,0.0,0.0,0.0,0.0,0.0,0.0,0.0,0.0,0.0,0.0,0.0,0.0,0.0,0.0,0.0,0.0,0.0064,0.176,0.0368,0.0,0.0,0.0,0.0,0.0,0.0,0.0,0.0,0.0,0.0,0.0,0.0,0.0,0.0,0.0016,0.1296,0.072,0.016
610.0,0.0,0.0,0.0,0.0,0.0,0.008,0.208,0.0032,0.0,0.0,0.0,0.0,0.0,0.0,0.0,0.0,0.0,0.0896,0.1296,0.0,0.0,0.0,0.0496,0.128,0.0416,0.0,0.0,0.0064,0.1472,0.0656,0.0,0.0,0.0,0.0304,0.1792,0.072,0.0928,0.0544,0.0096,0.0,0.0192,0.0944,0.1056,0.0576,0.1616,0.0,0.1616,0.72,3.2208,5.9808,5.2048,2.6384,1.0368,0.32,0.024,0.1904,0.0112,0.0,0.0,0.0,0.0,0.0,0.0,0.0,0.0,0.0,0.0,0.0,0.0,0.0,0.0224,0.0816,0.1056,0.0096,0.0,0.1312,0.088,0.0,0.0,0.0,0.0,0.0,0.0,0.0,0.0,0.0,0.0,0.0,0.0,0.1152,0.0976,0.0064,0.0,0.0,0.0,0.0,0.0,0.0,0.0,0.0
620.0,0.0,0.0,0.0,0.0,0.0,0.0,0.0,0.0,0.0,0.0,0.0,0.0,0.0,0.0,0.0,0.0,0.0,0.0,0.0,0.0,0.0,0.0,0.0,0.0992,0.12,0.0848,0.1344,0.2096,0.192,0.1648,0.0912,0.0,0.0,0.0,0.0,0.0,0.0,0.032,0.2656,0.1408,0.0,0.0,0.0,0.0,0.0,0.0,0.0688,1.096,2.7936,5.4064,5.0976,2.9632,1.1536,0.4496,0.0256,0.016,0.0,0.0,0.0,0.0,0.0592,0.232,0.184,0.1056,0.0768,0.0,0.0,0.0,0.0,0.0,0.0,0.0,0.0,0.0,0.0,0.0,0.0,0.0,0.0576,0.2384,0.1424,0.0,0.0,0.0,0.0,0.0,0.0,0.0,0.0,0.1392,0.08,0.0,0.0,0.0,0.0,0.0,0.0,0.0,0.0,0.0
630.0,0.0,0.0,0.0,0.0,0.0,0.0,0.0,0.0,0.0736,0.1456,0.0,0.0,0.0,0.008,0.2,0.1984,0.1264,0.3296,0.0144,0.0512,0.0608,0.0992,0.008,0.0,0.0,0.0,0.0,0.0,0.0,0.0,0.048,0.168,0.0032,0.0,0.0,0.0848,0.1088,0.0256,0.0,0.0,0.0,0.0,0.0,0.0,0.0,0.0,0.2128,0.912,2.5984,5.3392,6.024,3.0512,0.5104,0.1712,0.1424,0.1024,0.0064,0.1888,0.2448,0.1056,0.0624,0.056,0.0,0.0,0.0,0.0,0.0,0.0,0.0,0.0,0.0,0.0,0.0,0.0,0.0,0.0,0.0272,0.096,0.064,0.032,0.0,0.0,0.0,0.0096,0.1872,0.0224,0.0,0.0,0.0,0.0,0.0,0.0,0.0,0.0,0.0,0.0,0.0,0.0,0.0,0.0
640.0,0.0944,0.1168,0.0832,0.144,0.1328,0.0784,0.008,0.0496,0.104,0.0656,0.0,0.0,0.0,0.0,0.0,0.0,0.0,0.0,0.0352,0.0944,0.0896,0.0,0.0,0.0784,0.1824,0.1632,0.0144,0.0,0.0,0.0,0.0,0.0,0.0,0.0032,0.1296,0.1712,0.1008,0.0336,0.0,0.0,0.0,0.0,0.0,0.0,0.0,0.0,0.0256,0.5744,3.4016,5.6736,5.0592,2.9232,0.8544,0.1152,0.0048,0.0,0.0,0.0,0.0,0.0,0.1264,0.4576,0.0736,0.0,0.0,0.0,0.0,0.0,0.0352,0.0608,0.12,0.0032,0.0,0.0,0.0,0.0096,0.2096,0.0,0.0,0.0,0.0,0.0,0.0,0.0,0.0,0.0,0.0,0.0,0.0,0.0,0.0016,0.1584,0.0592,0.0,0.0,0.0,0.0,0.0,0.0,0.0
650.0,0.1776,0.0416,0.0,0.0,0.0352,0.1216,0.0624,0.0,0.0,0.0,0.0,0.0,0.0,0.0,0.0,0.0,0.0,0.0336,0.224,0.2224,0.1584,0.0192,0.0,0.0752,0.2096,0.112,0.0416,0.0,0.0,0.0,0.0,0.1632,0.056,0.0,0.0,0.1248,0.0944,0.0,0.0,0.0,0.0,0.072,0.1392,0.008,0.0,0.0,0.0896,0.8112,3.5616,5.1024,4.7296,2.5968,1.344,0.1776,0.0,0.0,0.0,0.0,0.0,0.0,0.0,0.0,0.0,0.0,0.032,0.1616,0.0256,0.0608,0.136,0.0224,0.0,0.0,0.0,0.0,0.0,0.0,0.064,0.0768,0.0784,0.0,0.0,0.0,0.0,0.0,0.0,0.0368,0.0928,0.0896,0.0,0.0,0.0,0.0,0.0,0.0896,0.0832,0.0464,0.0544,0.0864,0.0784,0.0
660.0,0.2144,0.0048,0.0,0.0,0.0,0.0,0.0,0.0,0.0256,0.0896,0.0944,0.0096,0.0,0.0,0.0,0.0,0.0,0.0,0.0,0.0,0.0,0.0,0.0,0.0,0.0,0.0,0.0,0.0976,0.1216,0.0,0.0,0.0,0.0,0.0272,0.0256,0.248,0.128,0.0096,0.0,0.0,0.0,0.0,0.0,0.0,0.2256,0.232,0.104,0.6256,2.936,5.6352,5.6128,2.9504,0.5824,0.1472,0.0192,0.0,0.0,0.0,0.0,0.0,0.0,0.0,0.0,0.0,0.0,0.0,0.0,0.0,0.0,0.0,0.0,0.0,0.0,0.0048,0.0656,0.1456,0.0032,0.0,0.0128,0.1088,0.0752,0.0224,0.0384,0.1216,0.0592,0.0256,0.192,0.0016,0.024,0.3936,0.064,0.168,0.008,0.0,0.0,0.0,0.0,0.064,0.144,0.0112
670.0,0.0,0.0,0.0,0.0,0.0,0.0,0.0,0.0,0.0,0.0,0.0,0.0,0.0,0.0,0.0,0.0,0.0,0.0432,0.0592,0.1168,0.0,0.0,0.0,0.0,0.0,0.0,0.0,0.0,0.0,0.0,0.0,0.0,0.0112,0.0624,0.2864,0.0784,0.0,0.0,0.0,0.0,0.0,0.0,0.0,0.0,0.0336,0.16,0.0256,0.4896,3.488,5.9312,5.3376,2.8208,0.928,0.0752,0.0,0.0,0.0,0.0,0.0,0.0,0.0,0.0,0.008,0.0912,0.12,0.0,0.1168,0.0352,0.0672,0.0,0.0,0.2288,0.1872,0.0224,0.0,0.0,0.0032,0.1744,0.0704,0.248,0.1504,0.0112,0.0,0.0,0.0,0.0,0.0,0.0,0.0544,0.1584,0.0064,0.0,0.0,0.0928,0.0752,0.0512,0.0,0.0,0.0,0.0
680.0,0.0,0.0,0.0,0.0,0.0,0.0,0.0,0.0,0.0128,0.1664,0.04,0.0,0.0,0.0,0.0,0.0,0.0128,0.04,0.1344,0.1472,0.104,0.0,0.0,0.0,0.0,0.0,0.0,0.0,0.0,0.0,0.0,0.0,0.0,0.0,0.0,0.0,0.0,0.0,0.0,0.0,0.0,0.0,0.0,0.0,0.0,0.0,0.1104,0.536,3.096,6.2368,5.9744,3.136,0.6752,0.1696,0.0384,0.3872,0.2256,0.0192,0.1792,0.04,0.0,0.0,0.0,0.0,0.0,0.0,0.0,0.0,0.0,0.0,0.0,0.0,0.0,0.0,0.0,0.1632,0.056,0.0,0.0,0.0,0.0,0.0,0.0,0.04,0.1792,0.0,0.0,0.0,0.0,0.0,0.0,0.0,0.0,0.0,0.0,0.0,0.0,0.0,0.0,0.0
690.0,0.0144,0.0928,0.0864,0.1296,0.1152,0.0,0.0,0.0,0.0,0.0,0.0,0.0,0.0,0.0,0.0,0.0,0.0,0.0,0.0,0.0,0.0016,0.1744,0.0432,0.0,0.0,0.072,0.1472,0.0,0.0,0.0,0.0,0.0,0.0,0.0,0.0,0.0416,0.0896,0.216,0.0912,0.0,0.0,0.0016,0.2,0.0176,0.0,0.0,0.0816,0.9216,2.9968,5.1632,5.8848,3.4192,0.5888,0.0144,0.0,0.0352,0.1568,0.0272,0.0,0.0,0.0,0.0,0.0192,0.168,0.032,0.0,0.0,0.0,0.0,0.0,0.0,0.0,0.0,0.0,0.0,0.0,0.0,0.0096,0.2048,0.0784,0.1424,0.0032,0.0,0.0,0.0,0.0,0.0,0.0032,0.2096,0.0064,0.0736,0.0992,0.0464,0.0,0.0,0.0,0.0,0.0,0.0,0.0
700.0,0.0,0.0,0.0,0.0,0.0,0.0,0.0,0.0,0.0,0.0496,0.024,0.1184,0.0272,0.0,0.0,0.0,0.0,0.0,0.0,0.0,0.0,0.0,0.0,0.0,0.0,0.0,0.0,0.0,0.1584,0.1664,0.2768,0.056,0.0,0.0,0.0,0.0,0.0,0.0,0.0,0.0,0.0,0.0,0.0832,0.1056,0.0304,0.0976,0.1248,0.5712,3.2432,5.1888,5.144,2.864,0.64,0.3392,0.192,0.0352,0.064,0.128,0.0,0.0,0.0,0.0,0.0,0.0,0.08,0.0944,0.0448,0.0,0.0,0.0,0.0,0.0,0.0,0.0,0.0,0.0,0.0,0.0,0.0,0.0,0.0752,0.3904,0.4368,0.3696,0.0432,0.0464,0.1728,0.0,0.008,0.1344,0.0768,0.0,0.0784,0.1168,0.024,0.0,0.0,0.0,0.0,0.0
710.0,0.0,0.0,0.0,0.0,0.0,0.0,0.0,0.0,0.0,0.0,0.0,0.0,0.0,0.0,0.0,0.0,0.104,0.4416,0.112,0.0,0.0,0.0,0.0,0.0,0.0,0.0,0.0,0.0,0.0,0.0,0.0,0.0992,0.12,0.0816,0.104,0.0336,0.0,0.0,0.0,0.0,0.0,0.0,0.0,0.0,0.0,0.0,0.1264,1.2864,2.8848,4.784,5.0112,3.0432,1.112,0.1648,0.0,0.0,0.0,0.1136,0.1024,0.0032,0.0,0.0,0.0,0.0,0.0,0.0,0.0,0.0,0.0,0.0,0.0,0.0,0.0,0.016,0.312,0.1104,0.024,0.168,0.1296,0.1168,0.1632,0.3488,0.3632,0.0016,0.0064,0.032,0.1664,0.0144,0.0,0.0,0.0,0.0,0.0,0.0,0.04,0.0944,0.0848,0.0,0.0,0.0
720.0,0.0,0.0,0.0,0.0,0.0,0.0,0.0,0.0,0.0,0.1696,0.0496,0.0,0.0,0.0,0.0,0.0,0.0,0.0,0.0,0.0,0.0,0.0,0.0,0.0,0.0,0.0,0.0,0.1248,0.0848,0.0096,0.0,0.0,0.0,0.1616,0.1984,0.0784,0.0,0.0816,0.1376,0.0,0.0,0.0,0.0,0.0,0.0,0.0,0.0,0.512,3.3024,5.592,5.1952,3.0832,0.7248,0.0032,0.0,0.0,0.0,0.0,0.0,0.0,0.0,0.0,0.0208,0.0512,0.1392,0.008,0.0,0.0,0.0,0.0,0.0,0.0384,0.1456,0.2608,0.6352,0.3712,0.0832,0.0,0.0,0.0,0.0112,0.12,0.088,0.1184,0.1008,0.0,0.0,0.0,0.0,0.0,0.184,0.0352,0.0,0.0,0.0,0.0,0.0,0.0,0.0,0.0
730.0,0.0032,0.1664,0.0496,0.0,0.0,0.0,0.0,0.0,0.0,0.0,0.0,0.0,0.0,0.0,0.0,0.0,0.0,0.0,0.0,0.0,0.0,0.0,0.0,0.0,0.0,0.0,0.0,0.0,0.0,0.0,0.0,0.0,0.0,0.0,0.0,0.0,0.0,0.024,0.168,0.0272,0.0,0.0,0.0,0.0,0.0,0.0,0.0208,0.9424,3.44,5.3088,5.152,2.64,1.232,0.2592,0.0752,0.0,0.0448,0.184,0.264,0.1552,0.0096,0.0,0.0,0.0,0.0,0.0,0.0,0.0368,0.0928,0.0896,0.08,0.1392,0.0,0.008,0.1696,0.2896,0.2784,0.1312,0.0,0.0,0.0,0.0,0.0,0.0,0.096,0.0816,0.0288,0.0128,0.0,0.0,0.0,0.0,0.0,0.0,0.024,0.1056,0.0896,0.0,0.0,0.0
740.0,0.0,0.0,0.0,0.0,0.0,0.0,0.0,0.0,0.1232,0.096,0.0,0.08,0.2016,0.1568,0.0,0.0,0.0,0.0,0.0,0.0,0.0,0.0,0.0,0.0384,0.1664,0.0144,0.0,0.0,0.0,0.0,0.0,0.0192,0.0304,0.1024,0.1312,0.2768,0.0832,0.0144,0.0,0.0,0.0592,0.1216,0.0384,0.0,0.0,0.136,0.0896,0.5408,3.0512,5.112,4.9664,2.5328,0.7776,0.1104,0.0256,0.0928,0.1008,0.0,0.0,0.0,0.0,0.1104,0.2256,0.1568,0.0432,0.1792,0.3152,0.2928,0.1216,0.2992,0.2288,0.0,0.0,0.0,0.0448,0.168,0.0064,0.0,0.0,0.0,0.0,0.0,0.0,0.0,0.0,0.0,0.0,0.0,0.0,0.1136,0.1056,0.0,0.0,0.0,0.0,0.0,0.0064,0.0784,0.1344,0.0
750.0,0.2032,0.016,0.0,0.0464,0.1584,0.0144,0.0,0.0592,0.1504,0.0096,0.0,0.0,0.0,0.0,0.0,0.0912,0.128,0.0,0.0096,0.184,0.0256,0.0,0.0,0.0,0.0,0.0,0.0,0.0,0.0,0.0,0.0,0.0,0.0,0.0,0.0704,0.1424,0.0064,0.0,0.0,0.0,0.0,0.1072,0.1072,0.0048,0.0032,0.2512,0.2496,0.9952,3.1056,4.432,3.9424,3.352,0.8256,0.3968,0.2016,0.0,0.0,0.0,0.0,0.0,0.0,0.0,0.0,0.0,0.0,0.0,0.0,0.0304,0.184,0.0048,0.0,0.0,0.0064,0.1184,0.2032,0.1008,0.0096,0.2288,0.1552,0.0544,0.0,0.0,0.1312,0.1344,0.168,0.0048,0.0,0.0,0.0192,0.1376,0.0624,0.056,0.3312,0.1584,0.1376,0.0688,0.088,0.0368,0.0,0.0
760.0,0.0,0.0,0.0,0.0,0.0,0.0,0.0,0.0,0.0,0.0,0.0,0.0,0.0,0.1328,0.0864,0.1504,0.2384,0.0496,0.0128,0.1552,0.136,0.2624,0.0912,0.0,0.0,0.0,0.0,0.0,0.0,0.0,0.0,0.0,0.0,0.0496,0.1696,0.0336,0.1392,0.0464,0.0,0.1376,0.0816,0.0,0.136,0.0832,0.0672,0.2,0.1616,0.3552,2.6288,5.2592,4.7568,2.1392,0.5264,0.1264,0.0,0.2208,0.1632,0.0544,0.0,0.0,0.0,0.0,0.0,0.112,0.472,0.3296,0.1824,0.0,0.0,0.1008,0.1184,0.032,0.1648,0.0224,0.1088,0.1392,0.1696,0.0352,0.2672,0.3024,0.2096,0.0832,0.0,0.0,0.0,0.0,0.0,0.0,0.0,0.0,0.0,0.0,0.0,0.0,0.0,0.0,0.0624,0.1216,0.0304,0.0048
770.0,0.0,0.0,0.0,0.0,0.0,0.0,0.0,0.0,0.0,0.0096,0.1632,0.128,0.2832,0.2576,0.0352,0.0,0.0608,0.336,0.3232,0.1056,0.0512,0.0,0.0,0.0,0.0,0.0,0.0,0.0,0.0,0.0512,0.04,0.128,0.0,0.0,0.0112,0.1712,0.0368,0.0,0.0,0.0608,0.2048,0.1232,0.0496,0.0,0.072,0.1056,0.1104,0.6448,2.6656,5.2208,4.9712,2.8464,0.64,0.1936,0.2224,0.0624,0.0,0.0,0.0,0.0,0.0272,0.0912,0.1008,0.0,0.0,0.0,0.0,0.0,0.0,0.0,0.0,0.0,0.0624,0.1184,0.2032,0.056,0.2064,0.0112,0.0,0.0,0.0,0.0,0.0016,0.032,0.096,0.0752,0.0144,0.0,0.0,0.0,0.0,0.0,0.0,0.0,0.008,0.1824,0.072,0.1552,0.0208,0.0
780.0,0.2592,0.128,0.0592,0.2048,0.0064,0.0,0.0,0.0,0.0,0.0,0.0,0.0,0.0704,0.0384,0.2096,0.1184,0.0016,0.0,0.0,0.0,0.0368,0.1024,0.2448,0.0656,0.1456,0.0624,0.0,0.0,0.0,0.0,0.0,0.0,0.0,0.0,0.0,0.0896,0.1296,0.0,0.0,0.056,0.1632,0.0,0.0,0.0,0.0,0.1104,0.1696,0.6416,3.1584,4.8192,5.208,3.1968,0.6448,0.0256,0.0,0.0,0.0,0.0,0.0,0.0,0.0,0.0,0.0,0.0,0.0592,0.1184,0.0416,0.0,0.0,0.0,0.0,0.0,0.0,0.0704,0.192,0.16,0.1696,0.0656,0.0,0.0,0.0,0.0,0.0,0.0,0.0864,0.1504,0.0912,0.0976,0.0128,0.0,0.0,0.1696,0.0496,0.0,0.0,0.0,0.0,0.0464,0.1424,0.0304
790.0,0.0,0.0,0.0,0.0,0.0,0.0,0.0,0.0,0.0,0.0,0.0,0.0288,0.1088,0.0816,0.0,0.1648,0.0544,0.0,0.0048,0.2112,0.4368,0.0112,0.1856,0.0272,0.0,0.0,0.0224,0.1296,0.0672,0.0,0.0544,0.1632,0.0016,0.0,0.0,0.0,0.0,0.0192,0.1424,0.1168,0.0976,0.0624,0.0,0.0,0.0,0.0,0.0,0.2784,3.0432,5.8928,4.784,2.9696,0.5616,0.1056,0.0832,0.216,0.04,0.0,0.0,0.0,0.0,0.0,0.0144,0.168,0.0368,0.0,0.0656,0.16,0.1936,0.0192,0.0,0.0,0.0,0.0,0.0,0.0,0.0,0.0,0.0,0.0,0.0752,0.1296,0.0144,0.0,0.0304,0.16,0.0288,0.0,0.1264,0.0928,0.0,0.0,0.0,0.1552,0.24,0.0352,0.008,0.0,0.0,0.0
800.0,0.0736,0.1808,0.128,0.056,0.0,0.0,0.0336,0.304,0.088,0.0128,0.0,0.0,0.0,0.0032,0.1776,0.0384,0.0,0.0,0.0,0.0,0.0,0.0,0.0,0.0,0.024,0.1264,0.0592,0.0096,0.0,0.0,0.0,0.1488,0.0704,0.0,0.0,0.0208,0.1712,0.0272,0.0,0.0048,0.1504,0.064,0.0,0.008,0.1584,0.0528,0.0448,0.4224,2.6912,5.824,5.4928,2.784,0.4816,0.0784,0.1168,0.0384,0.0,0.0,0.0,0.0,0.0,0.024,0.0896,0.1008,0.0048,0.0,0.0,0.0,0.184,0.2176,0.0368,0.0,0.0,0.0,0.0,0.0,0.0,0.0,0.0,0.0112,0.168,0.0304,0.0384,0.168,0.0224,0.0,0.0,0.0,0.0,0.0096,0.128,0.064,0.0176,0.0,0.0,0.0,0.0,0.0,0.0896,0.3488
810.0,0.0032,0.1232,0.2448,0.0672,0.0,0.0,0.0,0.0,0.0,0.1472,0.072,0.0,0.0,0.0,0.0,0.0,0.0,0.0,0.0224,0.1888,0.0944,0.1376,0.1488,0.056,0.0096,0.0,0.0,0.0,0.0,0.0096,0.0912,0.1184,0.0,0.0,0.0,0.0,0.0,0.1312,0.088,0.0,0.0,0.0,0.0,0.016,0.1632,0.1744,0.1536,1.0128,3.1072,4.3808,5.3728,3.1152,0.912,0.0528,0.1808,0.0736,0.128,0.008,0.0,0.0,0.0,0.0,0.0,0.0,0.0128,0.0416,0.1648,0.0,0.008,0.112,0.0736,0.0256,0.0816,0.1296,0.008,0.0,0.0,0.176,0.1888,0.0736,0.0,0.0,0.0,0.0,0.0,0.0,0.0,0.0,0.0,0.0,0.0,0.0,0.0,0.0,0.0,0.0,0.0944,0.1248,0.0,0.0
820.0,0.0,0.0224,0.072,0.0528,0.072,0.0,0.0,0.0,0.0,0.0,0.0,0.0,0.0,0.0,0.0,0.0,0.0,0.0112,0.12,0.0256,0.0624,0.0016,0.3312,0.1056,0.0,0.0624,0.12,0.048,0.2368,0.1904,0.0,0.0,0.0,0.0,0.0,0.0,0.0,0.0,0.0,0.0,0.0,0.0,0.0,0.0,0.0,0.0,0.0112,0.5248,3.1728,5.9952,5.1536,3.0176,0.616,0.2672,0.2256,0.3024,0.0032,0.0,0.0,0.0,0.0,0.0,0.04,0.1728,0.0064,0.0,0.0,0.0,0.0,0.0,0.0,0.0,0.0,0.0,0.0,0.0,0.0,0.0,0.0,0.0,0.0,0.0032,0.0848,0.264,0.0864,0.0,0.0,0.0144,0.2032,0.0016,0.0,0.0,0.0,0.0,0.0,0.0,0.0,0.0048,0.1728,0.0416
830.0,0.2048,0.0144,0.0,0.0,0.0,0.0,0.0576,0.0976,0.0832,0.1264,0.0544,0.0192,0.0,0.0,0.0,0.0,0.0,0.0,0.0,0.0,0.0,0.1312,0.088,0.0048,0.2064,0.008,0.0,0.016,0.12,0.0832,0.0,0.0,0.0,0.0,0.0,0.0,0.0,0.0,0.0,0.0,0.0,0.0,0.0944,0.2896,0.2096,0.0592,0.0112,0.8048,3.1024,5.0832,5.4544,3.3856,0.5664,0.0096,0.0,0.0,0.0,0.0752,0.1664,0.192,0.0048,0.0,0.0,0.0,0.0,0.0,0.0,0.0,0.0,0.0,0.0,0.0,0.0,0.0,0.0848,0.2096,0.1136,0.0304,0.0,0.0,0.0,0.0,0.0,0.0576,0.1616,0.0,0.0,0.0,0.0,0.0,0.0,0.0,0.0,0.0,0.0,0.0,0.0,0.0,0.1568,0.2816
840.0,0.0304,0.0192,0.1056,0.064,0.0,0.0896,0.2656,0.0832,0.0,0.0,0.0,0.0,0.0,0.0,0.0,0.0,0.0,0.0,0.0,0.0,0.0432,0.1296,0.2224,0.0432,0.0,0.0,0.0,0.0,0.0,0.0,0.0,0.0,0.0,0.0,0.0064,0.1456,0.056,0.2256,0.008,0.1856,0.0304,0.0,0.0,0.0,0.0,0.0,0.0016,0.5024,3.112,5.6768,5.1776,3.0256,0.6832,0.0144,0.0,0.0,0.0,0.0,0.0,0.0,0.0,0.0,0.1536,0.064,0.008,0.1664,0.0464,0.0,0.0704,0.1488,0.0,0.0,0.0,0.0,0.0,0.0,0.0,0.0,0.048,0.112,0.1136,0.0736,0.088,0.0032,0.0768,0.488,0.0928,0.0,0.0,0.0,0.0576,0.1552,0.0064,0.0,0.0,0.0,0.0,0.0,0.0,0.0
850.0,0.0368,0.0576,0.1248,0.0,0.0,0.0,0.0,0.0,0.0,0.0,0.0544,0.152,0.0128,0.0,0.0,0.0,0.0,0.0,0.0,0.0,0.0,0.0,0.0,0.0,0.0,0.0,0.0,0.1168,0.0992,0.064,0.144,0.2176,0.016,0.0,0.0,0.0,0.0,0.0,0.0,0.0032,0.1728,0.0272,0.0848,0.2736,0.096,0.0,0.0224,0.3408,2.5344,5.88,5.9024,2.56,0.6368,0.0816,0.016,0.0,0.1248,0.0896,0.0048,0.0,0.0,0.0,0.0,0.0144,0.0736,0.0304,0.0784,0.0224,0.0,0.0912,0.192,0.096,0.0272,0.032,0.0,0.0128,0.1712,0.2016,0.0528,0.0,0.0,0.0,0.0,0.0,0.0,0.0,0.0,0.1232,0.1312,0.184,0.0336,0.1552,0.0304,0.152,0.0672,0.0,0.0,0.0,0.0,0.0
860.0,0.0,0.1872,0.032,0.0,0.0,0.0,0.0,0.0,0.0,0.0,0.0,0.0,0.0,0.0,0.0,0.0,0.0,0.0752,0.1392,0.0048,0.0,0.0,0.0,0.0,0.0,0.0,0.0368,0.152,0.0304,0.0,0.0,0.0,0.0064,0.1792,0.2944,0.1024,0.0576,0.0176,0.032,0.1872,0.0,0.0,0.0,0.0,0.0,0.0448,0.1424,0.936,2.6064,4.52,5.048,3.248,0.7184,0.0528,0.0,0.0304,0.1696,0.2128,0.0256,0.0,0.0,0.0,0.0,0.0,0.0,0.0,0.0,0.0,0.0,0.0,0.0,0.0496,0.2272,0.0544,0.1072,0.0,0.0176,0.2016,0.0576,0.1408,0.0528,0.2736,0.3776,0.0928,0.136,0.048,0.1136,0.1696,0.072,0.0384,0.0944,0.08,0.0064,0.0,0.0,0.128,0.0912,0.0,0.0,0.0
870.0,0.0,0.0,0.0,0.0,0.1632,0.1552,0.0896,0.088,0.104,0.0576,0.0,0.0,0.152,0.0672,0.0,0.0,0.0,0.0,0.0,0.0,0.0,0.008,0.1648,0.1632,0.0896,0.0128,0.0,0.0384,0.2464,0.128,0.0256,0.0,0.0288,0.064,0.1264,0.0,0.0,0.0,0.0,0.1408,0.0784,0.0,0.0,0.0,0.0,0.0,0.0,0.416,3.1664,4.9584,4.952,2.7552,0.6464,0.0976,0.072,0.2144,0.1808,0.0768,0.0,0.0912,0.128,0.0,0.0,0.0,0.0,0.0,0.0,0.0,0.0496,0.1648,0.0048,0.0432,0.0544,0.1216,0.032,0.1872,0.0,0.1072,0.112,0.0288,0.104,0.0832,0.0032,0.0,0.0,0.0928,0.1264,0.0,0.0,0.0192,0.2048,0.16,0.0544,0.0,0.0,0.0,0.0,0.0,0.0832,0.136
880.0,0.1056,0.0736,0.04,0.0,0.024,0.072,0.1168,0.0064,0.0,0.0,0.0,0.0,0.0,0.0256,0.16,0.0336,0.0,0.0,0.0,0.0,0.024,0.1712,0.2016,0.0416,0.0,0.0,0.1088,0.096,0.0144,0.0,0.0528,0.144,0.0224,0.0,0.0,0.0,0.0,0.0,0.0,0.0,0.0,0.0,0.0,0.0608,0.1088,0.1392,0.3856,0.8944,2.7696,5.296,4.5376,2.824,0.6656,0.2896,0.0032,0.0,0.0,0.0,0.0,0.0,0.0704,0.2464,0.1376,0.176,0.3504,0.1152,0.0,0.0,0.0,0.0,0.0,0.0,0.0352,0.112,0.088,0.176,0.2272,0.0192,0.0608,0.1584,0.1072,0.112,0.0,0.0,0.0,0.0,0.0256,0.1888,0.0048,0.0,0.0,0.0,0.0,0.0,0.0,0.0,0.0,0.0,0.0,0.0
890.0,0.0,0.0,0.04,0.176,0.216,0.0064,0.0464,0.1184,0.0384,0.016,0.0,0.0,0.0,0.0,0.0,0.0,0.0,0.0,0.0,0.0,0.0,0.0,0.0,0.0,0.0,0.0,0.0,0.0,0.0,0.0,0.0,0.0,0.1632,0.056,0.0,0.0,0.0,0.0,0.0,0.0448,0.1744,0.0,0.0176,0.048,0.296,0.072,0.1088,0.6288,2.896,5.2112,5.16,2.7104,0.7744,0.0688,0.1744,0.024,0.0032,0.0,0.0512,0.168,0.0,0.0,0.016,0.1712,0.032,0.0,0.0,0.0416,0.088,0.0912,0.0944,0.104,0.0192,0.032,0.1312,0.056,0.0304,0.1568,0.032,0.0,0.0,0.0,0.0,0.024,0.2496,0.3248,0.0592,0.0,0.2048,0.0608,0.144,0.0288,0.0,0.0,0.0,0.0,0.0,0.0,0.2112,0.008
900.0,0.0,0.0,0.1696,0.1728,0.1824,0.12,0.0128,0.1248,0.0784,0.016,0.1216,0.0976,0.0,0.0,0.0,0.0,0.0,0.0,0.0,0.0,0.0,0.0,0.0,0.0,0.0,0.0,0.0,0.0,0.0,0.0,0.0,0.0,0.0176,0.1632,0.0496,0.0608,0.1472,0.0,0.0,0.0,0.008,0.176,0.0352,0.0224,0.1504,0.1072,0.2832,0.392,2.7824,5.84,5.9296,2.496,0.4096,0.0,0.0,0.0,0.0,0.0,0.0,0.0,0.0,0.0,0.0,0.0,0.0,0.0016,0.2848,0.5664,0.2432,0.0,0.0,0.0,0.0,0.0,0.0,0.0,0.0,0.0,0.0,0.1152,0.104,0.0,0.0,0.0,0.0,0.0,0.024,0.192,0.0032,0.0,0.0,0.0,0.0,0.0,0.0,0.0,0.0,0.0336,0.1728,0.0128
910.0,0.0,0.0,0.0,0.0,0.0,0.0784,0.0496,0.0592,0.032,0.016,0.1568,0.0464,0.0,0.0,0.0,0.0032,0.0736,0.1424,0.0544,0.0592,0.104,0.0016,0.0,0.0,0.0,0.0,0.0,0.16,0.1872,0.0992,0.1552,0.056,0.0,0.0,0.0,0.0,0.0,0.0,0.0,0.0,0.0,0.0,0.0,0.0,0.0432,0.0384,0.4304,1.3824,3.4128,4.44,4.0352,2.9584,1.2256,0.688,0.1968,0.0064,0.1136,0.4096,0.112,0.016,0.0,0.0,0.0,0.0,0.0,0.0,0.0,0.0,0.0,0.0,0.0,0.0144,0.1856,0.0192,0.0,0.0,0.0,0.0,0.0,0.0,0.0,0.0,0.0,0.0,0.024,0.1344,0.0608,0.0,0.0,0.0256,0.0576,0.1248,0.0112,0.0,0.0,0.0,0.0,0.0,0.0384,0.1808
920.0,0.0,0.0208,0.1184,0.08,0.0,0.0,0.0496,0.16,0.0096,0.064,0.1552,0.0,0.0512,0.208,0.3568,0.0416,0.0,0.0,0.0,0.0,0.0,0.0,0.0,0.0,0.0,0.0,0.0656,0.1168,0.0368,0.0,0.0,0.0,0.0,0.0,0.0,0.0,0.0,0.0,0.0,0.0,0.0,0.0,0.0,0.0,0.0,0.0,0.192,1.392,3.3056,4.7536,5.0528,3.6928,1.1936,0.1456,0.0,0.0,0.0,0.0,0.0,0.0,0.0,0.0,0.0,0.0,0.0,0.0,0.0,0.0,0.0,0.0,0.0,0.0,0.0,0.0048,0.1072,0.1072,0.0,0.0,0.0,0.0,0.0,0.0,0.0,0.0,0.0,0.0,0.0,0.0,0.0,0.0,0.0,0.0,0.0,0.0,0.1424,0.112,0.0208,0.0368,0.1168,0.0096
930.0,0.0,0.0,0.0,0.0,0.0,0.0,0.0,0.0,0.0,0.2192,0.0,0.0,0.0,0.0,0.0,0.0,0.0,0.0,0.0,0.1152,0.0736,0.0304,0.0,0.0,0.0,0.0,0.0,0.0,0.0,0.0,0.0,0.0384,0.168,0.0128,0.0912,0.128,0.0,0.0,0.0272,0.1232,0.0688,0.0,0.0,0.0,0.0,0.0048,0.0336,0.6448,3.2736,5.8416,5.632,3.3264,0.7216,0.0304,0.0,0.0,0.0,0.0,0.0,0.0928,0.1264,0.0,0.0,0.0,0.0,0.0,0.0,0.0,0.0,0.0,0.12,0.0992,0.0,0.0,0.0,0.0,0.0,0.0,0.0,0.0,0.0,0.0,0.0,0.0,0.0,0.0,0.0,0.12,0.2784,0.08,0.0608,0.0848,0.0336,0.0,0.0384,0.1568,0.024,0.0,0.0,0.0
940.0,0.0,0.0,0.0,0.0,0.0912,0.064,0.048,0.016,0.0,0.0,0.0,0.0,0.0224,0.0832,0.1136,0.0,0.0,0.0,0.0,0.0,0.0,0.0,0.0,0.0,0.0,0.0,0.0,0.0,0.0736,0.1376,0.008,0.0,0.0,0.0,0.0304,0.1056,0.0832,0.0,0.0,0.184,0.0352,0.0,0.0,0.0,0.04,0.1632,0.0896,0.8576,3.4656,4.9744,5.7888,3.248,0.7776,0.104,0.0,0.0,0.0,0.0,0.0,0.0,0.0,0.0,0.0,0.0,0.0,0.0,0.0,0.0,0.0,0.0,0.0,0.024,0.0496,0.0944,0.0512,0.0,0.0656,0.1888,0.1696,0.0144,0.0,0.0,0.0,0.0,0.0,0.0,0.0,0.0064,0.0592,0.064,0.2192,0.3088,0.0,0.0,0.0,0.0,0.0,0.0,0.0,0.0
950.0,0.0,0.0,0.0,0.0,0.0,0.0,0.0,0.0,0.0,0.0,0.0,0.0,0.0,0.0,0.0,0.0608,0.128,0.0304,0.0,0.0,0.0,0.0432,0.1296,0.2576,0.008,0.0,0.0,0.0,0.0,0.0,0.0,0.0016,0.0544,0.0384,0.1248,0.0,0.0592,0.2064,0.1616,0.0112,0.0272,0.176,0.016,0.0,0.0,0.0192,0.192,1.1168,3.392,5.1904,5.2976,3.5056,0.984,0.0304,0.0,0.0,0.0,0.0,0.0,0.0,0.0,0.0,0.0,0.0,0.0,0.0,0.0,0.0768,0.048,0.064,0.0304,0.0,0.0,0.0,0.0,0.0,0.0,0.0,0.0,0.0,0.0,0.0,0.0,0.0,0.0,0.0,0.0,0.0,0.0,0.0,0.0,0.0,0.0,0.0,0.0,0.0,0.0048,0.0912,0.1152,0.2272
960.0,0.0,0.0,0.0272,0.0544,0.0512,0.0816,0.0048,0.0,0.0,0.0176,0.1856,0.016,0.0,0.1584,0.0608,0.0912,0.1056,0.0224,0.0,0.0,0.1008,0.112,0.0864,0.144,0.1808,0.0336,0.0,0.0,0.0,0.0496,0.0976,0.072,0.0,0.0,0.0,0.0,0.0,0.0,0.0,0.0,0.0,0.0,0.0048,0.096,0.072,0.0464,0.056,0.9712,3.4208,5.1376,5.7568,3.656,0.6368,0.1088,0.1824,0.0208,0.0,0.0,0.0,0.0,0.0,0.0,0.0,0.0,0.0,0.0,0.0,0.0,0.0,0.0,0.0,0.0,0.0,0.0,0.0,0.0,0.0,0.0,0.0,0.0,0.0,0.0,0.0,0.0,0.0,0.0,0.0,0.0,0.0,0.0,0.0,0.0,0.0,0.0,0.0,0.0,0.0,0.0,0.0,0.0
970.0,0.0,0.0,0.0,0.0,0.0,0.0,0.0,0.0,0.0,0.0528,0.1632,0.0784,0.184,0.1408,0.0384,0.0,0.0,0.0,0.0544,0.0992,0.128,0.328,0.048,0.0,0.0,0.0,0.0,0.0,0.0368,0.1472,0.0352,0.0,0.0,0.0,0.0,0.0,0.0,0.0,0.0,0.0,0.0,0.0,0.0,0.0,0.0,0.0768,0.4224,1.0208,2.9664,5.4944,5.3632,3.0512,1.1168,0.2128,0.0032,0.0,0.0,0.0,0.0,0.0464,0.1136,0.056,0.0032,0.0,0.0,0.0,0.0,0.0,0.0,0.0,0.0,0.0,0.0,0.0,0.0,0.0,0.024,0.1168,0.072,0.0064,0.0,0.0,0.0,0.0,0.0,0.0528,0.128,0.0384,0.0,0.0,0.0,0.0,0.0,0.0,0.0,0.0,0.0,0.0,0.0,0.0
980.0,0.0,0.04,0.0672,0.1488,0.1648,0.0176,0.0,0.0,0.0,0.0,0.0,0.0,0.0,0.0,0.0,0.0,0.0,0.0,0.0,0.048,0.1488,0.0224,0.0,0.0752,0.1184,0.0256,0.0,0.0,0.0,0.0,0.0,0.0,0.0,0.0,0.0,0.0,0.0,0.0,0.0,0.0,0.0016,0.1264,0.0928,0.192,0.0256,0.128,0.3264,1.4336,3.0752,4.6384,4.704,3.6784,1.184,0.1216,0.0,0.0,0.0672,0.1392,0.0128,0.0,0.0,0.0,0.0,0.0,0.0,0.0,0.0,0.0,0.0,0.0,0.0,0.0,0.0,0.0,0.0,0.0,0.0,0.0016,0.0928,0.1248,0.0,0.0,0.0,0.0,0.0,0.0,0.0,0.0,0.0672,0.1056,0.1776,0.088,0.0704,0.136,0.0336,0.1984,0.0,0.0,0.0,0.0
990.0,0.0,0.0,0.0,0.0,0.152,0.0672,0.0,0.0,0.0,0.0,0.0,0.0,0.0,0.0,0.0688,0.1504,0.0,0.0,0.0,0.0,0.0,0.1456,0.0736,0.0,0.1072,0.12,0.1552,0.056,0.0,0.0528,0.1488,0.0176,0.0064,0.0688,0.144,0.0,0.0,0.0,0.0,0.0,0.0,0.0,0.0176,0.144,0.0576,0.0,0.0944,1.1536,3.2064,5.2528,5.2,3.248,0.9056,0.408,0.04,0.0,0.0,0.0,0.0,0.0,0.0,0.0,0.0,0.0,0.0,0.0,0.0,0.0,0.0,0.0,0.0,0.0,0.0,0.0,0.0,0.0,0.0,0.0464,0.0912,0.0736,0.008,0.0,0.0,0.0,0.0,0.0,0.0,0.0,0.0176,0.152,0.0496,0.056,0.096,0.056,0.0112,0.0,0.0,0.0,0.0,0.0
