result,name,class,sim_rg_mean,sim_rg_std,n_residues
MOFF2-pc-MD,A1-LCD-12F+12Y,a1_lcd_298_long,2.994540932118197,0.05866709145557447,137
MOFF2-pc-MD,A1-LCD-2K,a1_lcd_298_long,2.824755451731394,0.031408383163150644,137
MOFF2-pc-MD,A1-LCD+12D,a1_lcd_298_long,3.047653247189797,0.017548395365807323,137
MOFF2-pc-MD,A1-LCD-10R,a1_lcd_298_long,2.9372706394624677,0.09751998839157361,137
MOFF2-pc-MD,A1-LCD+4D,a1_lcd_298_long,3.0333413341881923,0.010591705931785267,137
MOFF2-pc-MD,A1-LCD+7R,a1_lcd_298_long,3.006817064067846,0.05417342190520036,137
MOFF2-pc-MD,A1-LCD+7F-7Y,a1_lcd_298_long,2.9577311055638975,0.08888480416970057,137
MOFF2-pc-MD,A1-LCD-10G+10S,a1_lcd_298_long,2.9167435622941045,0.053135644463026876,137
MOFF2-pc-MD,A1-LCD-9F+6Y,a1_lcd_298_long,2.9422104072798203,0.023221219122718795,137
MOFF2-pc-MD,A1-LCD+7R+12D,a1_lcd_298_long,2.9633834150041736,0.01638328293244906,137
MOFF2-pc-MD,A1-LCD-12F+12W,a1_lcd_298_long,3.3153136380885613,0.06125237677737583,137
MOFF2-pc-MD,A1-LCD+NLS,a1_lcd_298_long,3.030464408837691,0.039894597048842906,137
MOFF2-pc-MD,A1-LCD-4D,a1_lcd_298_long,2.8750170963307,0.01377144891342974,137
MOFF2-pc-MD,A1-LCD-9F+3Y,a1_lcd_298_long,2.9669487607225804,0.0338294039999365,137
MOFF2-pc-MD,A1-LCD-10R+10K,a1_lcd_298_long,3.1652582656758104,0.09719933902300104,137
MOFF2-pc-MD,A1-LCD+12E,a1_lcd_298_long,3.1535963035806525,0.019004053669286147,137
MOFF2-pc-MD,A1-LCD+2R,a1_lcd_298_long,2.930755693065426,0.0432756097694702,137
MOFF2-pc-MD,A1-LCD-8F+4Y,a1_lcd_298_long,2.908673429435878,0.007538777490611492,137
MOFF2-pc-MD,A1-LCD-NLS,a1_lcd_298_long,2.9537345320967106,0.047621558480345216,137
MOFF2-pc-MD,A1-LCD-6R+6K,a1_lcd_298_long,2.9811663787389904,0.01874106743047621,137
MOFF2-pc-MD,A1-LCD+7K+12D,a1_lcd_298_long,3.2820300782686003,0.041401228736586804,137
MOFF2-pc-MD,A1-LCD+7R+10D,a1_lcd_298_long,3.0309449952050156,0.025847166714514813,137
MOFF2-pc-MD,A1-LCD-3R+3K,a1_lcd_298_long,3.0432889444779403,0.08844371843004839,137
MOFF2-pc-MD,A1-LCD+8D,a1_lcd_298_long,2.969677814851047,0.01608490120145234,137
MOFF2-pc-MD,A1-LCD-6R,a1_lcd_298_long,2.783538258822324,0.02737267777085095,137
