res_group_mapping,scale_hps,zeta1,zeta2,IDP_weight,OP_weight,MDP_weight,train_IDP_rRMSE,train_IDP_delta,test_IDP_rRMSE,test_IDP_delta,train_OP_rRMSE,train_OP_delta,train_MDP_rRMSE,train_MDP_delta,final_loss
default,train_CL_ah_gau/results/group_default_IDP_w_0.8_OP_w_1.0_MDP_w_0.2_10_zeta_1.5_0.0001_gauss_delta_mu_0.25_gauss_width_0.1,1.5,0.0001,0.8,1.0,0.2,0.10435792075355557,0.07749326187883407,0.12088193631021839,0.11167719894710822,0.2219459794192233,0.16622548439806498,0.11284375912845077,-0.11295467479193805,0.7692587971687317
default,train_CL_ah_gau/results/group_default_IDP_w_1.0_OP_w_1.0_MDP_w_0.6_10_zeta_1.5_0.001_gauss_delta_mu_0.25_gauss_width_0.1,1.5,0.001,1.0,1.0,0.6,0.11002444268595016,0.10800596319627297,0.12556416258052608,0.15683759995944707,0.23938368984215988,0.18849658632908092,0.11677121179523799,-0.10060907545390278,1.5112730264663696
default,train_CL_ah_gau/results/group_default_IDP_w_1.0_OP_w_1.0_MDP_w_0.2_10_zeta_0.5_0.001_gauss_delta_mu_0.25_gauss_width_0.1,0.5,0.001,1.0,1.0,0.2,0.12423698899572096,0.13976400559689348,0.13340706642216132,0.21642408431756113,0.26305974673247445,0.21240647220610692,0.14284638152590098,-0.10601417832526391,0.7596625089645386
default,train_CL_ah_gau/results/group_default_IDP_w_0.5_OP_w_1.0_MDP_w_1.0_10_zeta_1.0_0.5_gauss_delta_mu_0.25_gauss_width_0.1,1.0,0.5,0.5,1.0,1.0,0.1676354752875103,0.24068695150545247,0.13425112819373927,0.19138028300043955,0.2886873646077247,0.22496319907862267,0.10750962147060834,-0.12382489726427504,2.8851888179779053
default,train_CL_ah_gau/results/group_default_IDP_w_0.8_OP_w_1.0_MDP_w_0.3_10_zeta_1.5_0.001_gauss_delta_mu_0.25_gauss_width_0.1,1.5,0.001,0.8,1.0,0.3,0.10401933196764067,0.09831968094861425,0.12019147099183432,0.08379927435165256,0.1877695340728454,0.14291505816156913,0.1539693246486392,-0.22037513297713796,0.9799374341964722
default,train_CL_ah_gau/results/group_default_IDP_w_0.5_OP_w_1.0_MDP_w_0.4_10_zeta_2.0_0.0001_gauss_delta_mu_0.25_gauss_width_0.1,2.0,0.0001,0.5,1.0,0.4,0.1134697077797527,0.11548516610342693,0.11336421102905278,0.12825134310512806,0.21131316015822588,0.16030649516951626,0.15507637613429628,-0.24223147972535172,1.115764617919922
default,train_CL_ah_gau/results/group_default_IDP_w_0.8_OP_w_1.0_MDP_w_0.3_10_zeta_1.5_0.0001_gauss_delta_mu_0.25_gauss_width_0.1,1.5,0.0001,0.8,1.0,0.3,0.10749464139841351,0.0970757742252291,0.13865421861174976,0.04328051820019593,0.22036009935801976,0.16023954966344017,0.10197039586198924,0.0294644352407724,0.9603848457336426
default,train_CL_ah_gau/results/group_default_IDP_w_0.5_OP_w_1.0_MDP_w_0.4_10_zeta_1.5_5e-05_gauss_delta_mu_0.25_gauss_width_0.1,1.5,5.0,0.5,1.0,0.4,0.11431266425392315,0.12517915030510177,0.11976844506684219,0.1528883797044385,0.23294479821462868,0.17182412174893974,0.16849757346311137,-0.1819541766893244,1.0967193841934204
default,train_CL_ah_gau/results/group_default_IDP_w_0.5_OP_w_1.0_MDP_w_1.0_10_zeta_1.0_0.1_gauss_delta_mu_0.25_gauss_width_0.1,1.0,0.1,0.5,1.0,1.0,0.14475623588183187,0.19273416052192274,0.13343974784051074,0.18067641313856925,0.29095717295016565,0.23188759165135903,0.10755272443678915,-0.04980747749963464,2.389390230178833
default,train_CL_ah_gau/results/group_default_IDP_w_0.0_OP_w_0.5_MDP_w_0.5_10_zeta_0.01_0.005_gauss_delta_mu_0.25_gauss_width_0.1,0.01,0.005,0.0,0.5,0.5,0.293332693952727,0.6220146500580307,0.10570657098928173,0.21377288330158736,0.4132556974689355,0.3863138811573231,0.09871543170890107,-0.021580448850126006,0.926123857498169
default,train_CL_ah_gau/results/group_default_IDP_w_0.5_OP_w_1.0_MDP_w_0.4_10_zeta_2.0_0.0005_gauss_delta_mu_0.25_gauss_width_0.1,2.0,0.0005,0.5,1.0,0.4,0.1124945295460084,0.11472633468822124,0.11626786069382973,0.11731106100992883,0.21511526203699555,0.16745531727567098,0.15088696927495127,-0.14076819800712287,1.1259961128234863
default,train_CL_ah_gau/results/group_default_IDP_w_0.5_OP_w_1.0_MDP_w_0.4_10_zeta_1.5_1e-05_gauss_delta_mu_0.25_gauss_width_0.1,1.5,1.0,0.5,1.0,0.4,0.12255279685971712,0.12912062624962464,0.18185438282552813,0.18500280061462168,0.22988570211301596,0.16508799559148662,0.1589784090692192,-0.2506751136536702,1.0943737030029297
default,train_CL_ah_gau/results/group_default_IDP_w_1.0_OP_w_1.0_MDP_w_0.4_10_zeta_2.0_0.0001_gauss_delta_mu_0.25_gauss_width_0.1,2.0,0.0001,1.0,1.0,0.4,0.10101385980843353,0.09196344050010095,0.12494358248726585,0.11091890732061828,0.21646334723151062,0.16038431877679965,0.153284863008119,-0.1182797675905663,1.1789720058441162
default,train_CL_ah_gau/results/group_default_IDP_w_0.5_OP_w_1.0_MDP_w_1.0_10_zeta_0.5_0.05_gauss_delta_mu_0.25_gauss_width_0.1,0.5,0.05,0.5,1.0,1.0,0.14182686024772248,0.19188223743065155,0.1375743751742098,0.21344539672821047,0.2732186573934719,0.22405576399731983,0.1138252914254392,-0.1419033067060049,2.206669330596924
default,train_CL_ah_gau/results/group_default_IDP_w_0.8_OP_w_1.0_MDP_w_0.1_10_zeta_1.5_0.0001_gauss_delta_mu_0.25_gauss_width_0.1,1.5,0.0001,0.8,1.0,0.1,0.09209041512258107,0.03791256077219901,0.12084894994974837,0.10225721174911348,0.15893995424770663,0.11783638532159794,0.22203982669661293,-0.6494294031736778,0.5516824722290039
default,train_CL_ah_gau/results/group_default_IDP_w_0.5_OP_w_1.0_MDP_w_1.0_10_zeta_1.0_0.005_gauss_delta_mu_0.25_gauss_width_0.1,1.0,0.005,0.5,1.0,1.0,0.13033719294842827,0.1498627524744881,0.12939306016415106,0.17924641561153273,0.24430663553023169,0.20357796030362904,0.12030007524337118,-0.05678479138308559,2.0507733821868896
default,train_CL_ah_gau/results/group_default_IDP_w_1.0_OP_w_1.0_MDP_w_0.4_10_zeta_2.0_0.0005_gauss_delta_mu_0.25_gauss_width_0.1,2.0,0.0005,1.0,1.0,0.4,0.10949879901712317,0.10240063610195205,0.11582843361232784,0.14088015845311597,0.21987831477132247,0.1700200334748431,0.1514583243199171,-0.19878856241887946,1.189544677734375
default,train_CL_ah_gau/results/group_default_IDP_w_0.5_OP_w_1.0_MDP_w_1.0_10_zeta_0.5_0.01_gauss_delta_mu_0.25_gauss_width_0.1,0.5,0.01,0.5,1.0,1.0,0.1358096210421508,0.16425577914214592,0.13732673019421937,0.20868922210503504,0.2701375650661001,0.22863430326507286,0.1079433166351297,-0.05039599852619218,2.043879747390747
default,train_CL_ah_gau/results/group_default_IDP_w_1.0_OP_w_0.0_MDP_w_0.5_10_zeta_0.01_0.005_gauss_delta_mu_0.25_gauss_width_0.1,0.01,0.005,1.0,0.0,0.5,0.0731097509106716,-0.029344120004748987,0.13633366253548718,0.05448841169316639,0.2615578019860583,0.21817360703599065,0.19767849751978508,-0.5103853875669196,0.66920405626297
default,train_CL_ah_gau/results/group_default_IDP_w_1.0_OP_w_1.0_MDP_w_0.2_10_zeta_2.0_0.001_gauss_delta_mu_0.25_gauss_width_0.1,2.0,0.001,1.0,1.0,0.2,0.09894104857097728,0.07232903267901512,0.1379336072728603,0.08432987417048843,0.26532119241644836,0.19781109414217574,0.16492827281862288,-0.32929946593317205,0.8261138796806335
default,train_CL_ah_gau/results/group_default_IDP_w_0.5_OP_w_1.0_MDP_w_1.0_10_zeta_0.5_0.1_gauss_delta_mu_0.25_gauss_width_0.1,0.5,0.1,0.5,1.0,1.0,0.14659439336483993,0.203198819869128,0.13658577709408623,0.20826997778287298,0.27509155181168715,0.2172899711174656,0.08943786252406519,-0.06843522777901027,2.324960231781006
default,train_CL_ah_gau/results/group_default_IDP_w_0.0_OP_w_0.5_MDP_w_0.0_10_zeta_0.01_0.005_gauss_delta_mu_0.25_gauss_width_0.1,0.01,0.005,0.0,0.5,0.0,0.3475086586965896,0.5149398706519764,0.36607338070795753,-0.20945077555106084,0.36539417770182425,0.2842260343865076,0.27509485446435,-0.698306014999962,0.0623061954975128
default,train_CL_ah_gau/results/group_default_IDP_w_1.0_OP_w_1.0_MDP_w_0.8_10_zeta_1.5_0.001_gauss_delta_mu_0.25_gauss_width_0.1,1.5,0.001,1.0,1.0,0.8,0.11091738830684157,0.11905550358500731,0.12660940752256036,0.12199709508553686,0.2506273307466923,0.20806923189787588,0.16642942221023277,-0.08126407879290481,1.819155216217041
default,train_CL_ah_gau/results/group_default_IDP_w_0.5_OP_w_1.0_MDP_w_1.0_10_zeta_0.5_0.5_gauss_delta_mu_0.25_gauss_width_0.1,0.5,0.5,0.5,1.0,1.0,0.17019035301735447,0.2474530837798154,0.14246382227142426,0.21080017147216717,0.3156023644025196,0.2606402153340896,0.08302562574743491,-0.022684682106523395,2.7944977283477783
default,train_CL_ah_gau/results/group_default_IDP_w_0.0_OP_w_1.0_MDP_w_0.0_10_zeta_0.01_0.005_gauss_delta_mu_0.25_gauss_width_0.1,0.01,0.005,0.0,1.0,0.0,0.3683939101366501,0.5485932422219685,0.2968987476079683,-0.12747583020030345,0.4177698907180486,0.33267094562992827,0.23048050575813958,-0.4618708310354919,0.0979926288127899
default,train_CL_ah_gau/results/group_default_IDP_w_1.0_OP_w_1.0_MDP_w_0.3_10_zeta_1.5_0.001_gauss_delta_mu_0.25_gauss_width_0.1,1.5,0.001,1.0,1.0,0.3,0.10259090013526745,0.08611401051430696,0.11888792354372607,0.1200634455155496,0.20614011454092152,0.16379508958232716,0.15724139088021521,-0.11988288419245853,1.0028800964355469
default,train_CL_ah_gau/results/group_default_IDP_w_1.0_OP_w_0.0_MDP_w_0.0_10_zeta_0.01_0.005_gauss_delta_mu_0.25_gauss_width_0.1,0.01,0.005,1.0,0.0,0.0,0.12397235738238246,-0.0038109526149980597,0.22916665363000807,-0.20545249132964702,0.47258393130599613,0.4226789958227612,0.173560405267562,0.02023351677212495,0.075388103723526
default,train_CL_ah_gau/results/group_default_IDP_w_0.5_OP_w_1.0_MDP_w_0.0_10_zeta_5.0_0.01_gauss_delta_mu_0.25_gauss_width_0.1,5.0,0.01,0.5,1.0,0.0,0.2102965601566732,-0.34649667347665547,0.3141910372045184,-0.7709995981010193,0.1271760802646205,0.02476245292671188,0.3661568091363737,-1.1660819143005179,0.3178129196166992
default,train_CL_ah_gau/results/group_default_IDP_w_0.5_OP_w_1.0_MDP_w_0.2_10_zeta_1.5_0.001_gauss_delta_mu_0.25_gauss_width_0.1,1.5,0.001,0.5,1.0,0.2,0.11092841000590446,0.09466107084294974,0.1110779428113745,0.12184077775576746,0.18832183831132723,0.1355440330795997,0.12494985688243071,-0.24200266756566566,0.7523232102394104
default,train_CL_ah_gau/results/group_default_IDP_w_0.5_OP_w_1.0_MDP_w_0.0_10_zeta_2.0_0.01_gauss_delta_mu_0.25_gauss_width_0.1,2.0,0.01,0.5,1.0,0.0,0.18688469926805554,-0.300840672442931,0.3217195716300984,-0.7785050576638987,0.12211703870113613,0.025385823102719432,0.363699040332334,-1.157477345343015,0.3142002820968628
default,train_CL_ah_gau/results/group_default_IDP_w_0.5_OP_w_1.0_MDP_w_0.0_10_zeta_1.0_0.001_gauss_delta_mu_0.25_gauss_width_0.1,1.0,0.001,0.5,1.0,0.0,0.16569607003648568,-0.25138538655721177,0.25369487128701895,-0.5486347044383026,0.13466059288410132,0.03703651864098605,0.3513075044677131,-1.1060552653508728,0.209867924451828
default,train_CL_ah_gau/results/group_default_IDP_w_0.9_OP_w_1.0_MDP_w_0.1_10_zeta_1.5_0.0001_gauss_delta_mu_0.25_gauss_width_0.1,1.5,0.0001,0.9,1.0,0.1,0.09173987904395478,0.021817346851162,0.12765919656787755,0.08265254640259183,0.21798382973069338,0.15401021118185443,0.19932458661314487,-0.5098256608318703,0.5624834895133972
default,train_CL_ah_gau/results/group_default_IDP_w_0.8_OP_w_0.5_MDP_w_0.0_10_zeta_0.01_0.005_gauss_delta_mu_0.25_gauss_width_0.1,0.01,0.005,0.8,0.5,0.0,0.15909396034508844,0.06647928276406088,0.26467214703682557,-0.5095159538921412,0.4549573228704272,0.38290417767080404,0.1859472299693644,0.024600352595708568,0.1687153577804565
default,train_CL_ah_gau/results/group_default_IDP_w_1.0_OP_w_1.0_MDP_w_0.2_10_zeta_1.5_0.001_gauss_delta_mu_0.25_gauss_width_0.1,1.5,0.001,1.0,1.0,0.2,0.0980823041553981,0.07138246672544425,0.1133621699245702,0.07195882431246675,0.17147049541215686,0.135940674453417,0.15015892330930197,-0.17586911192686086,0.8116052746772766
default,train_CL_ah_gau/results/group_default_IDP_w_0.5_OP_w_1.0_MDP_w_0.0_10_zeta_1.0_0.005_gauss_delta_mu_0.25_gauss_width_0.1,1.0,0.005,0.5,1.0,0.0,0.15670674738262144,-0.24247850215037683,0.2752707216867962,-0.6425655263468326,0.1298597769941932,0.05454999447459798,0.3402507360332656,-1.059705436680809,0.2658973634243011
default,train_CL_ah_gau/results/group_default_IDP_w_0.8_OP_w_1.0_MDP_w_0.0_10_zeta_0.01_0.005_gauss_delta_mu_0.25_gauss_width_0.1,0.01,0.005,0.8,1.0,0.0,0.16154983539521706,0.08368057682018296,0.2661839857210839,-0.33614833582709347,0.44306114239947314,0.3759238521180424,0.18732365245730018,-0.294906442391773,0.2279234379529953
default,train_CL_ah_gau/results/group_default_IDP_w_0.9_OP_w_1.0_MDP_w_0.3_10_zeta_1.5_0.0001_gauss_delta_mu_0.25_gauss_width_0.1,1.5,0.0001,0.9,1.0,0.3,0.10475643200797816,0.0909558483381758,0.11312584308486716,0.13934643674888242,0.20707450915455783,0.14984215333580989,0.12818520986584517,0.0090593223438568,0.9715413451194764
default,train_CL_ah_gau/results/group_default_IDP_w_0.9_OP_w_1.0_MDP_w_0.2_10_zeta_1.5_0.0001_gauss_delta_mu_0.25_gauss_width_0.1,1.5,0.0001,0.9,1.0,0.2,0.10531134300252463,0.06936474088322232,0.1352827745948883,0.051200333296989364,0.2064974564788514,0.14598998844351888,0.11855580904159657,-0.01416787014933456,0.7804432511329651
default,train_CL_ah_gau/results/group_default_IDP_w_1.0_OP_w_0.8_MDP_w_0.0_10_zeta_0.01_0.005_gauss_delta_mu_0.25_gauss_width_0.1,0.01,0.005,1.0,0.8,0.0,0.1702068317879412,0.09573202190963831,0.27404946663039553,-0.31788625954846617,0.4263204949244877,0.3536414226299011,0.17383239118158095,0.0048185065878419715,0.2225283235311508
default,train_CL_ah_gau/results/group_default_IDP_w_0.5_OP_w_1.0_MDP_w_0.2_10_zeta_2.0_0.001_gauss_delta_mu_0.25_gauss_width_0.1,2.0,0.001,0.5,1.0,0.2,0.0985624845525076,0.0698855570074963,0.1238044041535695,0.04902508715058566,0.18504591734486023,0.12553069385945204,0.17399140306153887,-0.37260098907170136,0.7644574642181396
default,train_CL_ah_gau/results/group_default_IDP_w_1.0_OP_w_1.0_MDP_w_0.4_10_zeta_1.5_1e-05_gauss_delta_mu_0.25_gauss_width_0.1,1.5,1.0,1.0,1.0,0.4,0.11057260435498163,0.10394204315953073,0.12457030182913593,0.1186391876628268,0.2385742178317425,0.1920639747129806,0.14703116035397742,-0.17329810074222884,1.1556397676467896
default,train_CL_ah_gau/results/group_default_IDP_w_0.8_OP_w_0.5_MDP_w_0.5_10_zeta_0.01_0.005_gauss_delta_mu_0.25_gauss_width_0.1,0.01,0.005,0.8,0.5,0.5,0.2214612089147773,0.4462796810145476,0.12687487957072716,0.15456653713782476,0.4918105001934145,0.4665644460564526,0.11522182211006446,0.04539202864004126,1.053054928779602
default,train_CL_ah_gau/results/group_default_IDP_w_0.8_OP_w_1.0_MDP_w_0.2_10_zeta_1.5_0.001_gauss_delta_mu_0.25_gauss_width_0.1,1.5,0.001,0.8,1.0,0.2,0.09865137228421735,0.07340834898179953,0.1096911325104078,0.08381125380656824,0.2284050264276157,0.16617150988322846,0.14117706379531209,-0.175145793138494,0.7890169620513916
default,train_CL_ah_gau/results/group_default_IDP_w_0.9_OP_w_1.0_MDP_w_0.1_10_zeta_1.5_0.001_gauss_delta_mu_0.25_gauss_width_0.1,1.5,0.001,0.9,1.0,0.1,0.0910961794844156,0.02152500222904449,0.12692725577705188,-0.04126470565156085,0.20293501547290108,0.14824905014240305,0.2122662267603195,-0.49127253568158546,0.5830318927764893
default,train_CL_ah_gau/results/group_default_IDP_w_0.5_OP_w_1.0_MDP_w_1.0_10_zeta_1.0_0.05_gauss_delta_mu_0.25_gauss_width_0.1,1.0,0.05,0.5,1.0,1.0,0.1355156085985791,0.1799619686024983,0.13163392926204673,0.1805971682471372,0.2700873017541013,0.22289455166833222,0.12108857793349906,-0.0885230390983219,2.2578282356262207
default,train_CL_ah_gau/results/group_default_IDP_w_0.5_OP_w_1.0_MDP_w_0.2_10_zeta_0.5_0.001_gauss_delta_mu_0.25_gauss_width_0.1,0.5,0.001,0.5,1.0,0.2,0.13222083805185458,0.15835235095410638,0.12713574824274823,0.19576280630550583,0.2283991295803117,0.19056433330150382,0.1502327204090547,-0.055034772304540874,0.7057652473449707
default,train_CL_ah_gau/results/group_default_IDP_w_0.5_OP_w_1.0_MDP_w_1.0_10_zeta_1.0_0.01_gauss_delta_mu_0.25_gauss_width_0.1,1.0,0.01,0.5,1.0,1.0,0.12887571067676445,0.16312488864015823,0.1331846954489155,0.18962263483200048,0.24808656925948505,0.2052125857546741,0.1355923176617991,-0.06740882847972893,2.0875368118286133
default,train_CL_ah_gau/results/group_default_IDP_w_1.0_OP_w_1.0_MDP_w_0.2_10_zeta_1.0_0.0001_gauss_delta_mu_0.25_gauss_width_0.1,1.0,0.0001,1.0,1.0,0.2,0.11190250009317865,0.10349363838140625,0.11666314752851771,0.142058517124862,0.2331391355553721,0.17037763057979094,0.13422163164927792,-0.025939644730549875,0.7710672616958618
default,train_CL_ah_gau/results/group_default_IDP_w_0.0_OP_w_0.0_MDP_w_0.0_10_zeta_0.01_0.005_gauss_delta_mu_0.25_gauss_width_0.1,0.01,0.005,0.0,0.0,0.0,0.174728214410819,0.25147096155057547,0.2721832620336106,0.5721703954119017,0.4341839805170987,0.39792739091910173,0.19507400331089134,0.3260669795591543,0.0
default,train_CL_ah_gau/results/group_default_IDP_w_0.5_OP_w_1.0_MDP_w_0.4_10_zeta_1.0_1e-05_gauss_delta_mu_0.25_gauss_width_0.1,1.0,1.0,0.5,1.0,0.4,0.12270146570989382,0.14085959869677944,0.15214838641257,0.2183805233810173,0.218449179717153,0.167241228496032,0.11391127762902062,0.04856974538454055,1.0701862573623655
default,train_CL_ah_gau/results/group_default_IDP_w_1.0_OP_w_1.0_MDP_w_0.4_10_zeta_0.5_0.0001_gauss_delta_mu_0.25_gauss_width_0.1,0.5,0.0001,1.0,1.0,0.4,0.12185169016002675,0.13826235195313263,0.12262985061450782,0.1307003479091862,0.25399339797673975,0.2080832620498975,0.08422637417323618,0.0022427805869499415,1.0991065502166748
default,train_CL_ah_gau/results/group_default_IDP_w_1.0_OP_w_1.0_MDP_w_0.0_10_zeta_0.01_0.005_gauss_delta_mu_0.25_gauss_width_0.1,0.01,0.005,1.0,1.0,0.0,0.162047267092705,0.07338243102830413,0.23831580180149234,-0.2776031788940571,0.4165955713359496,0.3581919967117799,0.16122978232823634,-0.15895320451502448,0.2456719875335693
default,train_CL_ah_gau/results/group_default_IDP_w_1.0_OP_w_1.0_MDP_w_0.8_10_zeta_1.5_0.0001_gauss_delta_mu_0.25_gauss_width_0.1,1.5,0.0001,1.0,1.0,0.8,0.11380443675813891,0.11990091008456939,0.12216310622967635,0.16320184804492296,0.2745699281314437,0.2243847560724541,0.10483929837799162,-0.0471342759478733,1.7979707717895508
default,train_CL_ah_gau/results/group_default_IDP_w_0.5_OP_w_1.0_MDP_w_0.0_10_zeta_1.0_0.0001_gauss_delta_mu_0.25_gauss_width_0.1,1.0,0.0001,0.5,1.0,0.0,0.2206782608328475,-0.34645241169915475,0.2632683768779945,-0.48027325743813,0.13495996655597345,0.05125995645089736,0.34950823542062315,-1.0778931486376377,0.1827916353940963
default,train_CL_ah_gau/results/group_default_IDP_w_0.8_OP_w_0.8_MDP_w_0.0_10_zeta_0.01_0.005_gauss_delta_mu_0.25_gauss_width_0.1,0.01,0.005,0.8,0.8,0.0,0.1727662812542229,0.06600026330773294,0.2744867783113864,-0.4417789750198738,0.40542445337746497,0.33750089232828173,0.20906060073427246,0.021248139449874318,0.2058434039354324
default,train_CL_ah_gau/results/group_default_IDP_w_0.5_OP_w_1.0_MDP_w_0.2_10_zeta_5.0_0.01_gauss_delta_mu_0.25_gauss_width_0.1,5.0,0.01,0.5,1.0,0.2,0.08990544672249885,0.03236724537773198,0.12763060953287095,0.017756958315269838,0.20193049864621124,0.12101475244198186,0.252714000546507,-0.7512151863072744,0.8816424608230591
default,train_CL_ah_gau/results/group_default_IDP_w_1.0_OP_w_1.0_MDP_w_0.2_10_zeta_1.0_0.0005_gauss_delta_mu_0.25_gauss_width_0.1,1.0,0.0005,1.0,1.0,0.2,0.11211273854094461,0.10983933237163003,0.1165437536703581,0.1049338362304213,0.2558960558004777,0.19039377377555963,0.1198572605966547,0.06648075303438658,0.7815641760826111
default,train_CL_ah_gau/results/group_default_IDP_w_1.0_OP_w_1.0_MDP_w_0.4_10_zeta_0.5_0.0005_gauss_delta_mu_0.25_gauss_width_0.1,0.5,0.0005,1.0,1.0,0.4,0.12274795279255402,0.13776643290353882,0.12829200669424415,0.2040728298627414,0.27379930032150274,0.21945819895280375,0.14171705210081928,-0.015651707707566374,1.1093829870224
default,train_CL_ah_gau/results/group_default_IDP_w_0.5_OP_w_1.0_MDP_w_0.0_10_zeta_1.0_0.0005_gauss_delta_mu_0.25_gauss_width_0.1,1.0,0.0005,0.5,1.0,0.0,0.20981702646204337,-0.3226200091845251,0.2594947490423431,-0.5872021877842128,0.141900055333545,0.06020911185073656,0.33898240071506974,-1.041036788958747,0.197548508644104
default,train_CL_ah_gau/results/group_default_IDP_w_0.5_OP_w_1.0_MDP_w_0.0_10_zeta_0.5_0.001_gauss_delta_mu_0.25_gauss_width_0.1,0.5,0.001,0.5,1.0,0.0,0.16700020368497281,-0.20091859153574254,0.2597996927423438,-0.5598005676453416,0.1556937634739442,0.054554072326472684,0.3469623128840402,-1.0682074294885764,0.2053262144327163
default,train_CL_ah_gau/results/group_default_IDP_w_0.5_OP_w_1.0_MDP_w_0.4_10_zeta_1.5_0.001_gauss_delta_mu_0.25_gauss_width_0.1,1.5,0.001,0.5,1.0,0.4,0.11240640442212063,0.12507652170155206,0.11770100179833254,0.14502717123839448,0.22805305824788732,0.17216197485357004,0.11470017758870073,-0.0032888178133731673,1.1178278923034668
default,train_CL_ah_gau/results/group_default_IDP_w_1.0_OP_w_0.5_MDP_w_0.0_10_zeta_0.01_0.005_gauss_delta_mu_0.25_gauss_width_0.1,0.01,0.005,1.0,0.5,0.0,0.1893935097838875,0.04306238500333421,0.2745100028421622,-0.37450154627392584,0.3891116726257228,0.3289119110251154,0.1927810982923119,-0.08511780946415137,0.1838231980800628
default,train_CL_ah_gau/results/group_default_IDP_w_1.0_OP_w_1.0_MDP_w_0.0_10_zeta_1.0_0.0001_gauss_delta_mu_0.25_gauss_width_0.1,1.0,0.0001,1.0,1.0,0.0,0.18485364707055815,-0.2797173581880417,0.24623319449446482,-0.5087729995549789,0.1674050204733686,0.0735596608594413,0.3580831570979074,-1.1196616877097694,0.2403415739536285
default,train_CL_ah_gau/results/group_default_IDP_w_0.5_OP_w_1.0_MDP_w_0.4_10_zeta_0.5_0.0001_gauss_delta_mu_0.25_gauss_width_0.1,0.5,0.0001,0.5,1.0,0.4,0.1314619833381716,0.16561378141479738,0.14101663693584562,0.22119550590231918,0.23448960270647592,0.1840477547973182,0.17992502679377592,-0.014563126569506996,1.039556860923767
default,train_CL_ah_gau/results/group_default_IDP_w_0.5_OP_w_1.0_MDP_w_0.2_10_zeta_1.0_0.0001_gauss_delta_mu_0.25_gauss_width_0.1,1.0,0.0001,0.5,1.0,0.2,0.11183364872967395,0.10637887934960195,0.11420717207322442,0.12907934242514532,0.2549730687681593,0.17870733572384082,0.14624943803904678,-0.16662261053470592,0.7158030271530151
default,train_CL_ah_gau/results/group_default_IDP_w_0.9_OP_w_1.0_MDP_w_0.3_10_zeta_1.5_0.001_gauss_delta_mu_0.25_gauss_width_0.1,1.5,0.001,0.9,1.0,0.3,0.10567865731414978,0.09475683365181528,0.11555595015093605,0.15544820146639304,0.23823288258905798,0.17777293818371512,0.1030814242240701,0.03292552488496782,0.9913796186447144
default,train_CL_ah_gau/results/group_default_IDP_w_1.0_OP_w_1.0_MDP_w_0.0_10_zeta_1.0_0.0005_gauss_delta_mu_0.25_gauss_width_0.1,1.0,0.0005,1.0,1.0,0.0,0.17680062192901416,-0.2542606290230766,0.26901141768849085,-0.6168635223228618,0.1854519448945894,0.06650959475062933,0.3418726661914315,-1.0546498682893737,0.2556498646736145
default,train_CL_ah_gau/results/group_default_IDP_w_0.5_OP_w_1.0_MDP_w_0.4_10_zeta_0.5_0.0005_gauss_delta_mu_0.25_gauss_width_0.1,0.5,0.0005,0.5,1.0,0.4,0.13731105445832006,0.16359987230492293,0.13479135872003098,0.15970656196421193,0.2475443527902589,0.2026219717450386,0.159395876427954,-0.007635366107925334,1.0495448112487793
default,train_CL_ah_gau/results/group_default_IDP_w_0.5_OP_w_1.0_MDP_w_0.2_10_zeta_1.0_0.0005_gauss_delta_mu_0.25_gauss_width_0.1,1.0,0.0005,0.5,1.0,0.2,0.11151424753480621,0.11004306303563911,0.11260754159850149,0.1393150949004023,0.21388605532031643,0.15797250807284538,0.11975698976498309,0.0727735134462281,0.725735604763031
default,train_CL_ah_gau/results/group_default_IDP_w_0.5_OP_w_1.0_MDP_w_0.2_10_zeta_1.0_0.005_gauss_delta_mu_0.25_gauss_width_0.1,1.0,0.005,0.5,1.0,0.2,0.11424777229802639,0.11727740142744578,0.11866664156966866,0.13729427237142813,0.24344376880780275,0.18288598560192248,0.15814646817866965,-0.2909635102942995,0.7812082171440125
default,train_CL_ah_gau/results/group_default_IDP_w_0.5_OP_w_1.0_MDP_w_0.2_10_zeta_0.5_0.0001_gauss_delta_mu_0.25_gauss_width_0.1,0.5,0.0001,0.5,1.0,0.2,0.12455622004937461,0.14710230518767062,0.13486314498673563,0.1511389535317795,0.24993417738201867,0.2055804707942903,0.14466349518986452,-0.05438192033478421,0.6867771148681641
default,train_CL_ah_gau/results/group_default_IDP_w_0.5_OP_w_1.0_MDP_w_0.2_10_zeta_1.5_5e-05_gauss_delta_mu_0.25_gauss_width_0.1,1.5,5.0,0.5,1.0,0.2,0.10209592625203913,0.0865518949053237,0.1181995825868312,0.12379553446239096,0.2085118735794967,0.15136554489097404,0.15054126385926261,-0.28415792453501454,0.7313113212585449
default,train_CL_ah_gau/results/group_default_IDP_w_1.0_OP_w_1.0_MDP_w_0.0_10_zeta_0.5_0.0001_gauss_delta_mu_0.25_gauss_width_0.1,0.5,0.0001,1.0,1.0,0.0,0.12931750718412494,-0.1507255785780913,0.25472936725046014,-0.5135658432252558,0.13087363537324892,0.06035582036230769,0.37041728160367227,-1.1831999883536748,0.2317007482051849
default,train_CL_ah_gau/results/group_default_IDP_w_0.5_OP_w_1.0_MDP_w_0.4_10_zeta_1.0_0.0001_gauss_delta_mu_0.25_gauss_width_0.1,1.0,0.0001,0.5,1.0,0.4,0.12426378679617406,0.1463692951163496,0.1271323988755162,0.1801794928775495,0.24749044500786008,0.1977822006451133,0.15939080224101296,-0.06361396863856629,1.0745646953582764
default,train_CL_ah_gau/results/group_default_IDP_w_0.5_OP_w_1.0_MDP_w_0.2_10_zeta_1.0_0.001_gauss_delta_mu_0.25_gauss_width_0.1,1.0,0.001,0.5,1.0,0.2,0.11470093262980341,0.11636827506686337,0.12122961594234256,0.11900232682228855,0.22427173533144545,0.16205965186456983,0.11413486483687132,-0.0545348601950794,0.7348545789718628
default,train_CL_ah_gau/results/group_default_IDP_w_0.0_OP_w_0.0_MDP_w_0.5_10_zeta_0.01_0.005_gauss_delta_mu_0.25_gauss_width_0.1,0.01,0.005,0.0,0.0,0.5,0.07104883950084777,0.026857896844653457,0.11929833755918158,-0.09502437904610733,0.20087903708907706,0.1388942292031775,0.3135276408179599,-0.9851238394379025,0.4712084829807281
default,train_CL_ah_gau/results/group_default_IDP_w_0.5_OP_w_1.0_MDP_w_0.2_10_zeta_0.5_0.0005_gauss_delta_mu_0.25_gauss_width_0.1,0.5,0.0005,0.5,1.0,0.2,0.12822829833530197,0.15103195768482344,0.13625491404287932,0.18066764046425254,0.22915779587244978,0.17461678583879278,0.12352355123067821,-0.07241074230396125,0.6966903209686279
default,train_CL_ah_gau/results/group_default_IDP_w_1.0_OP_w_1.0_MDP_w_0.0_10_zeta_1.5_0.001_gauss_delta_mu_0.25_gauss_width_0.1,1.5,0.001,1.0,1.0,0.0,0.16708761621281062,-0.24750839887363585,0.26348623689587464,-0.6192502964005371,0.14569348760570713,0.05590632299761447,0.3423905216782258,-1.0491431129693765,0.2728719115257263
default,train_CL_ah_gau/results/group_default_IDP_w_1.0_OP_w_1.0_MDP_w_0.4_10_zeta_0.5_0.001_gauss_delta_mu_0.25_gauss_width_0.1,0.5,0.001,1.0,1.0,0.4,0.12103756458732914,0.13573458192726134,0.1256392348516132,0.20845787720259296,0.28839387491251295,0.23456542099585018,0.18427896388993595,0.03520699268700067,1.1186935901641846
default,train_CL_ah_gau/results/group_default_IDP_w_1.0_OP_w_1.0_MDP_w_0.0_10_zeta_0.5_0.0005_gauss_delta_mu_0.25_gauss_width_0.1,0.5,0.0005,1.0,1.0,0.0,0.13656564658446227,-0.13038650409008698,0.2383722457587394,-0.45336325324128246,0.1743517322037026,0.08325222419731122,0.34334485580301166,-1.0546266549391976,0.2469903379678726
default,train_CL_ah_gau/results/group_default_IDP_w_0.5_OP_w_1.0_MDP_w_0.4_10_zeta_1.0_0.0005_gauss_delta_mu_0.25_gauss_width_0.1,1.0,0.0005,0.5,1.0,0.4,0.11973069700710505,0.14004341730538328,0.11994837444886254,0.16219026853908966,0.22689778894774001,0.18279755408760587,0.15574749779382266,-0.06525858701091206,1.084729552268982
default,train_CL_ah_gau/results/group_default_IDP_w_1.0_OP_w_1.0_MDP_w_0.4_10_zeta_2.0_0.001_gauss_delta_mu_0.25_gauss_width_0.1,2.0,0.001,1.0,1.0,0.4,0.10010758093183875,0.08747488491476983,0.12933636322929942,0.14888453707594682,0.21561201171868577,0.16764745146733437,0.17052176132277425,-0.12838540684762664,1.1989808082580566
default,train_CL_ah_gau/results/group_default_IDP_w_1.0_OP_w_1.0_MDP_w_1.0_10_zeta_1.5_0.0001_gauss_delta_mu_0.25_gauss_width_0.1,1.5,0.0001,1.0,1.0,1.0,0.11377689368858629,0.12179311742004403,0.15012310053015668,0.166971516687935,0.2516688436256254,0.19359645593410377,0.15382699921802856,-0.11125924892747972,2.088842868804932
default,train_CL_ah_gau/results/group_default_IDP_w_1.0_OP_w_1.0_MDP_w_0.4_10_zeta_1.0_0.0001_gauss_delta_mu_0.25_gauss_width_0.1,1.0,0.0001,1.0,1.0,0.4,0.1134922531361118,0.11695921278569794,0.1209225905992281,0.15775409662681816,0.2561863561847054,0.201672773504805,0.15220200646615278,-0.018155970369342356,1.1349107027053833
default,train_CL_ah_gau/results/group_default_IDP_w_0.5_OP_w_1.0_MDP_w_0.0_10_zeta_0.5_0.0001_gauss_delta_mu_0.25_gauss_width_0.1,0.5,0.0001,0.5,1.0,0.0,0.18324904710842382,-0.24006200517501705,0.2322981656930873,-0.3973027967225448,0.15700676866209395,0.059732327782259384,0.3572131224800265,-1.0545853235122484,0.1784843206405639
default,train_CL_ah_gau/results/group_default_IDP_w_1.0_OP_w_1.0_MDP_w_0.2_10_zeta_0.5_0.0001_gauss_delta_mu_0.25_gauss_width_0.1,0.5,0.0001,1.0,1.0,0.2,0.1218901527712701,0.13402257796526112,0.13429086337668947,0.22021533300005555,0.27900644966797733,0.21903905184604125,0.08791249784218132,0.08084357199262793,0.7390555143356323
default,train_CL_ah_gau/results/group_default_IDP_w_1.0_OP_w_0.5_MDP_w_0.5_10_zeta_0.01_0.005_gauss_delta_mu_0.25_gauss_width_0.1,0.01,0.005,1.0,0.5,0.5,0.20690149343650727,0.4263913244947899,0.13710460123061502,0.21018200681785806,0.4307731648166926,0.4263038409445274,0.0981933095039732,-0.06737522247750617,1.0778958797454834
default,train_CL_ah_gau/results/group_default_IDP_w_1.0_OP_w_1.0_MDP_w_0.4_10_zeta_1.0_0.0005_gauss_delta_mu_0.25_gauss_width_0.1,1.0,0.0005,1.0,1.0,0.4,0.1184148396147897,0.12501914431968028,0.13178328409528792,0.12216314414552516,0.2711462113105905,0.20477497411660134,0.1574150203530665,-0.045143128264426055,1.1454282999038696
default,train_CL_ah_gau/results/group_default_IDP_w_0.5_OP_w_1.0_MDP_w_0.0_10_zeta_0.5_0.0005_gauss_delta_mu_0.25_gauss_width_0.1,0.5,0.0005,0.5,1.0,0.0,0.1673681374602623,-0.23390705765863157,0.24573401578390888,-0.35394843075021587,0.15296020409165476,0.06073266415234117,0.3487241247569709,-1.0686365231841646,0.1931327283382415
default,train_CL_ah_gau/results/group_default_IDP_w_0.5_OP_w_1.0_MDP_w_0.2_10_zeta_1.5_1e-05_gauss_delta_mu_0.25_gauss_width_0.1,1.5,1.0,0.5,1.0,0.2,0.10879364291473406,0.0996539794420158,0.15589418780602582,0.010959186143987018,0.21425813554952877,0.14021162989991245,0.15492073841744147,-0.2559660902137329,0.7292430996894836
default,train_CL_ah_gau/results/group_default_IDP_w_1.0_OP_w_1.0_MDP_w_0.2_10_zeta_0.5_0.0005_gauss_delta_mu_0.25_gauss_width_0.1,0.5,0.0005,1.0,1.0,0.2,0.12554071897608868,0.13560441919069163,0.1258292615358192,0.19418017528267556,0.2796693065676868,0.22029363845111852,0.14332119435636007,-0.14286604582904228,0.7496613264083862
default,train_CL_ah_gau/results/group_default_IDP_w_0.5_OP_w_1.0_MDP_w_0.2_10_zeta_1.5_0.0001_gauss_delta_mu_0.25_gauss_width_0.1,1.5,0.0001,0.5,1.0,0.2,0.10169022841615666,0.08751174897082842,0.11259174435192915,0.11241440267495922,0.2305689390899714,0.16258174578698456,0.1677626204463776,-0.18503772104285807,0.7331674695014954
default,train_CL_ah_gau/results/group_default_IDP_w_1.0_OP_w_1.0_MDP_w_0.2_10_zeta_1.5_1e-05_gauss_delta_mu_0.25_gauss_width_0.1,1.5,1.0,1.0,1.0,0.2,0.09659051999962423,0.07221807093577239,0.12100382023725664,0.12231191580019621,0.19768544090264165,0.16010546982188545,0.14228717751679368,-0.2128541898839799,0.7873164415359497
default,train_CL_ah_gau/results/group_default_IDP_w_0.5_OP_w_1.0_MDP_w_0.4_10_zeta_2.0_0.001_gauss_delta_mu_0.25_gauss_width_0.1,2.0,0.001,0.5,1.0,0.4,0.1081247732153779,0.11285644744686577,0.14033684701370336,0.08011485487696525,0.22784402897938924,0.1728481421060527,0.14305575043201404,-0.23946672295383312,1.1348150968551636
default,train_CL_ah_gau/results/group_default_IDP_w_0.5_OP_w_1.0_MDP_w_1.0_10_zeta_0.5_0.005_gauss_delta_mu_0.25_gauss_width_0.1,0.5,0.005,0.5,1.0,1.0,0.1281640906891587,0.16412563802688246,0.13954888779249952,0.22265125999025326,0.2844530941276407,0.23658308367967554,0.13600530196469723,-0.061034572975195406,2.010798931121826
default,train_CL_ah_gau/results/group_default_IDP_w_0.8_OP_w_0.0_MDP_w_0.5_10_zeta_0.01_0.005_gauss_delta_mu_0.25_gauss_width_0.1,0.01,0.005,0.8,0.0,0.5,0.07339437927332218,-0.02892609079844164,0.13341597474505804,0.035193521180414286,0.24623139981718378,0.2056982279198834,0.20851915442534455,-0.5731564798128805,0.6387414932250977
default,train_CL_ah_gau/results/group_default_IDP_w_0.5_OP_w_1.0_MDP_w_0.2_10_zeta_1.5_0.0005_gauss_delta_mu_0.25_gauss_width_0.1,1.5,0.0005,0.5,1.0,0.2,0.10842637443880723,0.10024849427040844,0.12442079143142716,0.08178944797714512,0.18938998307124447,0.14022766348440702,0.16329481458484565,-0.2605159430437901,0.7430685758590698
default,train_CL_ah_gau/results/group_default_IDP_w_1.0_OP_w_1.0_MDP_w_0.1_10_zeta_1.5_0.0001_gauss_delta_mu_0.25_gauss_width_0.1,1.5,0.0001,1.0,1.0,0.1,0.08897317997735475,0.023688504186117697,0.11021370686268013,0.0648239014065159,0.15934265191473299,0.10726628735407392,0.19178918139997503,-0.4782440783893275,0.5729886293411255
default,train_CL_ah_gau/results/group_default_IDP_w_0.5_OP_w_1.0_MDP_w_0.4_10_zeta_0.5_0.001_gauss_delta_mu_0.25_gauss_width_0.1,0.5,0.001,0.5,1.0,0.4,0.12953254408843937,0.15757643405222657,0.1307836352232096,0.22004904510455367,0.2883597855062775,0.23074584891396746,0.13160913374464597,0.030433982191711603,1.058247447013855
default,train_CL_ah_gau/results/group_default_IDP_w_0.5_OP_w_1.0_MDP_w_0.0_10_zeta_1.5_0.001_gauss_delta_mu_0.25_gauss_width_0.1,1.5,0.001,0.5,1.0,0.0,0.19011329123291737,-0.29936605168153296,0.26315242184454396,-0.5077874512768514,0.13949478678736535,0.05100080290781276,0.3584591602444047,-1.1315488102644062,0.2117684483528137
default,train_CL_ah_gau/results/group_default_IDP_w_1.0_OP_w_1.0_MDP_w_0.2_10_zeta_1.5_0.0001_gauss_delta_mu_0.25_gauss_width_0.1,1.5,0.0001,1.0,1.0,0.2,0.09652572173114088,0.06964108789427635,0.12109808358793511,0.12534640500178762,0.1815006258665135,0.13490880898222818,0.10708694783195989,-0.06569116274698819,0.7912982106208801
default,train_CL_ah_gau/results/group_default_IDP_w_1.0_OP_w_1.0_MDP_w_0.1_10_zeta_1.5_0.001_gauss_delta_mu_0.25_gauss_width_0.1,1.5,0.001,1.0,1.0,0.1,0.08829680255406788,0.03133740222169094,0.11508668299506537,0.055069453569371825,0.16692489410035102,0.12363480854283541,0.210742926220526,-0.5370687238384616,0.5938386917114258
default,train_CL_ah_gau/results/group_default_IDP_w_1.0_OP_w_1.0_MDP_w_0.2_10_zeta_1.5_5e-05_gauss_delta_mu_0.25_gauss_width_0.1,1.5,5.0,1.0,1.0,0.2,0.09979490582632669,0.07589473200139928,0.11807792809918659,0.13834091449371108,0.21083930307014537,0.1605158876822852,0.15531086873960392,-0.15200359496037683,0.7894027829170227
default,train_CL_ah_gau/results/group_default_IDP_w_1.0_OP_w_1.0_MDP_w_0.2_10_zeta_1.5_0.0005_gauss_delta_mu_0.25_gauss_width_0.1,1.5,0.0005,1.0,1.0,0.2,0.0953589351810458,0.06806457897748067,0.12367010422535332,0.13948781400405139,0.20663306694730177,0.1509346373194927,0.16481882875148854,-0.13470365182339242,0.8017849922180176
default,train_CL_ah_gau/results/group_default_IDP_w_1.0_OP_w_1.0_MDP_w_0.3_10_zeta_1.5_0.0001_gauss_delta_mu_0.25_gauss_width_0.1,1.5,0.0001,1.0,1.0,0.3,0.10386765815825505,0.09508839383748509,0.11993876001174011,0.14835173388928957,0.23967983732139173,0.1690314416158705,0.12250981160826649,-0.04740183044820105,0.982816219329834
default,train_CL_ah_gau/results/group_default_IDP_w_0.8_OP_w_0.0_MDP_w_0.0_10_zeta_0.01_0.005_gauss_delta_mu_0.25_gauss_width_0.1,0.01,0.005,0.8,0.0,0.0,0.13319312833370947,-0.04391442177231623,0.2274234263564049,-0.3282091012354529,0.47948240527647873,0.43639134071498953,0.19369127226519917,0.22758595100987997,0.0640689730644226
default,train_CL_ah_gau/results/group_default_IDP_w_1.0_OP_w_1.0_MDP_w_0.4_10_zeta_1.5_0.0001_gauss_delta_mu_0.25_gauss_width_0.1,1.5,0.0001,1.0,1.0,0.4,0.10757047363890383,0.09729274627823341,0.12088776223219276,0.15358577407124416,0.22173002284894278,0.16726116649010367,0.11967808966519615,0.1356911039291774,1.1600427627563477
default,train_CL_ah_gau/results/group_default_IDP_w_0.0_OP_w_0.8_MDP_w_0.0_10_zeta_0.01_0.005_gauss_delta_mu_0.25_gauss_width_0.1,0.01,0.005,0.0,0.8,0.0,0.3879581167213069,0.5750440388700523,0.3389472782035379,-0.1337170702443248,0.3536032777835187,0.31113388004874165,0.23644965300432885,-0.48166250747546085,0.0843367725610733
default,train_CL_ah_gau/results/group_default_IDP_w_1.0_OP_w_1.0_MDP_w_0.4_10_zeta_1.5_0.001_gauss_delta_mu_0.25_gauss_width_0.1,1.5,0.001,1.0,1.0,0.4,0.2062558109350775,0.4091086908575456,0.08509601606946134,-0.004042465215031144,0.3203797838905886,0.2828170326821455,0.11611734071764875,-0.12118066301598486,1.1800596714019775
default,train_CL_ah_gau/results/group_default_IDP_w_1.0_OP_w_1.0_MDP_w_0.0_10_zeta_0.5_0.001_gauss_delta_mu_0.25_gauss_width_0.1,0.5,0.001,1.0,1.0,0.0,0.13004820810429477,-0.1605117229067498,0.21137983119670187,-0.3949449783992383,0.17059042723111817,0.08651653120015931,0.3401881485411384,-1.0479059315587886,0.2601268887519836
default,train_CL_ah_gau/results/group_default_IDP_w_0.9_OP_w_1.0_MDP_w_0.2_10_zeta_1.5_0.001_gauss_delta_mu_0.25_gauss_width_0.1,1.5,0.001,0.9,1.0,0.2,0.09932673199906426,0.07447953517888571,0.12381353798276455,0.12263943681574387,0.20994319327385705,0.15790997782691227,0.12009619217071146,-0.15995670612109725,0.8004928827285767
default,train_CL_ah_gau/results/group_default_IDP_w_1.0_OP_w_1.0_MDP_w_0.4_10_zeta_1.5_0.0005_gauss_delta_mu_0.25_gauss_width_0.1,1.5,0.0005,1.0,1.0,0.4,0.10405233249310572,0.09615321670370827,0.11864639630906378,0.15576836990003082,0.2339169565529292,0.18162846176403322,0.1535496933414634,-0.14961593630005676,1.1705974340438845
default,train_CL_ah_gau/results/group_default_IDP_w_0.8_OP_w_1.0_MDP_w_0.1_10_zeta_1.5_0.001_gauss_delta_mu_0.25_gauss_width_0.1,1.5,0.001,0.8,1.0,0.1,0.082313659607079,0.016237599941721432,0.1209320284161586,0.060343953434543365,0.21411984976745896,0.15014534603734556,0.21445677229774,-0.5718711479470115,0.5720468163490295
default,train_CL_ah_gau/results/group_default_IDP_w_0.5_OP_w_1.0_MDP_w_0.4_10_zeta_1.5_0.0001_gauss_delta_mu_0.25_gauss_width_0.1,1.5,0.0001,0.5,1.0,0.4,0.1153789464631588,0.12193643897190533,0.12915040745034093,0.16754020192389846,0.2077944882879711,0.15709303724921667,0.14920589576502663,-0.14599153066106058,1.0988112688064575
default,train_CL_ah_gau/results/group_default_IDP_w_1.0_OP_w_1.0_MDP_w_0.6_10_zeta_1.5_0.0001_gauss_delta_mu_0.25_gauss_width_0.1,1.5,0.0001,1.0,1.0,0.6,0.11426449938724961,0.1138796774790326,0.12042911769087797,0.15552774048298493,0.23611212713385551,0.1861987167314155,0.1456905149434451,-0.07407137073298688,1.490964412689209
default,train_CL_ah_gau/results/group_default_IDP_w_0.5_OP_w_1.0_MDP_w_0.4_10_zeta_1.5_0.0005_gauss_delta_mu_0.25_gauss_width_0.1,1.5,0.0005,0.5,1.0,0.4,0.11579053306303995,0.1251687513356138,0.11498995766834481,0.14153038392222467,0.225587465233883,0.17229121232988015,0.14196886079713503,-0.052716132690345446,1.1090099811553955
default,train_CL_ah_gau/results/group_default_IDP_w_1.0_OP_w_1.0_MDP_w_1.0_10_zeta_1.5_0.001_gauss_delta_mu_0.25_gauss_width_0.1,1.5,0.001,1.0,1.0,1.0,0.11381332545605222,0.12193011237247499,0.12205599437972711,0.16376281289786032,0.2488903548458181,0.19798467834370143,0.1063268205972555,-0.04211090471494543,2.11098861694336
default,train_CL_ah_gau/results/group_default_IDP_w_1.0_OP_w_1.0_MDP_w_0.4_10_zeta_1.0_1e-05_gauss_delta_mu_0.25_gauss_width_0.1,1.0,1.0,1.0,1.0,0.4,0.11816874335662436,0.12438825410987799,0.11902912910397766,0.1528901675372882,0.2661916813813917,0.2096582097293607,0.11931181571731347,0.0015177415399785744,1.130569338798523
default,train_CL_ah_gau/results/group_default_IDP_w_0.5_OP_w_1.0_MDP_w_0.2_10_zeta_2.0_0.01_gauss_delta_mu_0.25_gauss_width_0.1,2.0,0.01,0.5,1.0,0.2,0.09368828246967954,0.06821574475190809,0.12286283601206134,0.02096865612803278,0.20775651596866473,0.14257958058827896,0.17519192337134085,-0.37289940902159563,0.8498492240905762
