,MOFF2 λ,MOFF2 Gaussian,Density profile
G,-0.5677393063197053,0.5503675328453723,0.16317605178234762
A,0.0713458196071179,0.10030543435147439,-1.5813875673710893
R,-0.06272615316029644,-1.141728809299316,-1.4447102622613528
K,-1.1290002914178716,-0.7318198370188584,0.9470380019834695
E,-1.0151336259525443,0.09946522425109408,-0.8753643278125028
D,-1.35380042896708,0.9510623449321276,0.1672340521666021
Q,-0.5092241450196011,0.03288729575123323,-0.7429856534533252
N,-1.0467342409729943,0.6403683769636112,-0.1962997172494124
S,-1.1296883338507135,0.14666916145128875,-1.0915283569694856
P,-0.8253685784154867,-0.5170342619862196,-0.2605091595716401
T,-0.6614975058053837,-1.1206563102817386,0.6981889950181037
H,-0.6118622611814237,0.5190863596547314,-0.16655498369332342
C,0.7620395880334776,-1.99046253363107,-1.6482410184676637
M,1.0346567982272767,2.9888095596623527,1.2450242673593208
V,0.4839270943397435,-0.9110851352102308,-0.21596908830167905
L,1.1895174646154478,-0.5497893654784393,0.41020730332731076
I,1.250019427074704,0.7089097325558587,0.2088659122575382
Y,1.0714280756086976,0.3095139679058261,1.9580321710662014
F,2.135150482947164,0.15629208873827774,1.0950031915001537
W,0.9146901206094702,-0.24116082615737583,1.3307801886904282
