AA,PC1,PC2,cluster
G,-1.511810845622956,-2.652286741384116,1
A,0.1899839991194145,-0.4894525825299653,0
R,-0.16703102567737677,1.5821380958183302,3
K,-3.0063708224490346,0.9530748444090329,3
E,-2.703159722056305,2.505720666093208,3
D,-3.604982337032184,-0.5301574906750741,1
Q,-1.3559931058572714,0.6015559294976115,3
N,-2.787307766738928,-0.8638403341567382,1
S,-3.008202983796048,-1.1255412622326288,1
P,-2.1978417815980364,-1.4373168730105512,1
T,-1.761475896590398,1.3710403096835604,3
H,-1.629304140447456,-1.3204917376008052,1
C,2.0292054842056566,5.8912573390268355,2
M,2.7551472157129187,-1.1780591310629833,0
V,1.2886305766922643,-0.4461608437533187,0
L,3.1675196415780356,-0.5454096507656581,0
I,3.328627956625487,-1.4758116134620536,0
Y,2.8530640154374347,0.7695864889618511,0
F,5.6856089075130845,-1.0975327628326133,0
W,2.435692630981698,-0.5123126500239268,0
