AA,MOFF2_lambda_score,MOFF2_Gaussian_score,delta_Wstar_score,MJ_epsilon_score,HPS-Urry_lambda_score,Density_profile_score,Bandyopadhyay-Mehler_2008_score,Biou_accessibility_information_value_score,Black-Mould_1991_score,Cornette_1987_score,Eisenberg_1984_score,Engelman_GES_1986_score,FDewet_C36m_2024_score,FDewet_a03ws_2024_score,FDewet_a99SBdisp_2024_score,Hassanali_nBranch_nbr_2023_score,Hopp-Woods_1981_score,Jain_2017_score,Janin_1979_score,Kyte-Doolittle_1982_score,Meek_1980_score,PARCH_2023_score,Ponnuswamy_average_gain_in_surrounding_hydrophobicity_score,Ponnuswamy_surrounding_hydrophobicity_folded_form_score,Rose_1985_score,Tanford_1962_score,Wimley-White_1996_score
G,-1.511810845622956,1.0653330409203152,-0.6452333383938474,-2.894833489559975,-0.9810114995476308,2.627670441880953,0.0,-13.0,0.0,0.0,0.48,1.0,-3.52,-3.86,-4.27,1.372,-0.0,0.0,0.3,-0.4,0.0,-5.62,7.31,12.01,0.72,0.48,0.0
A,0.1899839991194145,0.1941587884845518,-0.5621688955774994,-1.5086225769013446,-0.3561594864653422,-25.465534449146226,0.75,16.0,0.37,0.2,0.62,1.6,-3.3,-3.72,-4.13,1.618,0.5,0.06,0.3,1.8,0.07,-4.55,7.62,12.28,0.74,0.62,-0.2
R,-0.16703102567737677,-2.2100166738194944,0.49957452831602983,-3.188070140371665,-1.2934375060887726,-23.26458087299375,-0.02,-70.0,-1.52,1.4,-2.53,-12.3,-3.59,-3.83,-4.55,2.685,-3.0,-0.32,-1.4,-4.5,0.11,-6.43,6.81,11.49,0.64,-2.53,-0.41
K,-3.0063708224490346,-1.4165658507260643,-2.25098397465948,-5.884434340099391,-5.042507094985522,15.250422705834628,-0.9,-141.0,-0.67,-3.1,-1.5,-8.8,-3.52,-4.11,-4.51,2.382,-3.0,-0.42,-1.8,-3.9,0.01,-10.0,5.72,10.8,0.52,-1.5,-0.59
E,-2.703159722056305,0.19253241423855932,-2.876264238311778,-4.487590143116148,-13.165540775458277,-14.09624111470712,-0.54,-106.0,-1.4,-1.8,-0.74,-8.2,-4.41,-5.34,-5.33,1.918,-3.0,-0.72,-0.7,-3.5,-2.23,-6.11,6.38,11.19,0.62,-0.74,-2.51
D,-3.604982337032184,1.8409482383402345,-2.3128191030560603,-4.294716918471688,-6.917041889433895,2.6930175779733867,-0.5,-78.0,-1.43,-3.1,-0.9,-9.2,-4.09,-4.84,-5.16,1.559,-3.0,-0.43,-0.6,-3.5,-1.08,-8.24,6.18,10.97,0.62,-0.09,-1.53
Q,-1.3559931058572714,0.06365913812025412,0.3377026287400761,-3.533420108981296,-1.2934375060887726,-11.964509613978251,-0.11,-73.0,-0.76,-2.8,-0.85,-4.1,-3.36,-4.32,-4.47,2.238,-0.2,0.46,-0.7,-3.5,-0.63,-5.5,6.67,11.28,0.62,-0.85,-0.71
N,-2.787307766738928,1.2395454848378904,-3.0904070749746158,-3.8517026601913495,-0.6685854930064858,-3.1610702620375037,-0.16,-74.0,-0.79,-0.5,-0.78,-4.8,-3.48,-3.92,-4.43,1.997,-0.2,0.13,-0.5,-3.5,0.11,-5.28,6.17,11.0,0.63,-0.78,-0.51
S,-3.008202983796048,0.28390392683653004,-1.9233265614726733,-3.6733695101794153,-0.6685854930064858,-17.577192049660088,0.11,-70.0,-0.43,-0.5,-0.18,0.6,-3.55,-3.93,-4.31,1.664,-0.3,-0.15,-0.1,-0.8,0.16,-6.34,6.93,11.26,0.66,-0.18,-0.15
P,-2.1978417815980364,-1.0008106396358292,-0.41793555233366886,-3.2025924380933968,2.9555221911932,-4.195053201548914,0.72,-20.0,0.64,-2.2,0.12,-0.2,-3.13,-3.72,-3.93,2.353,-0.0,-0.22,-0.3,-1.6,0.8,-4.55,6.64,11.19,0.64,0.12,-0.55
T,-1.761475896590398,-2.1692271502403604,-1.8439733865781018,-2.352335636905637,-0.6685854930064858,11.24313626305125,0.47,-38.0,-0.15,-1.9,-0.05,1.2,-3.49,-3.89,-4.17,1.902,0.4,-0.18,-0.2,-0.7,0.36,-4.61,7.08,11.65,0.7,-0.05,-0.16
H,-1.629304140447456,1.0047828351578993,-0.10854288817317403,-0.9795342946984114,3.0805053406887493,-2.6820823449183147,0.57,50.0,-1.0,0.5,-0.4,-3.0,-3.41,-3.83,-4.36,2.319,0.5,0.03,-0.1,-3.2,-0.46,-6.46,7.85,12.84,0.78,-0.4,-0.2
C,2.0292054842056566,-3.8528898912845326,1.8689193233178836,2.5454772259104663,0.5811185331580877,-26.542094615086008,2.6,168.0,0.55,4.1,0.29,2.0,-3.25,-3.75,-4.06,1.88,1.0,0.55,0.9,2.5,-0.9,-4.11,10.93,14.93,0.91,0.29,0.31
M,2.7551472157129187,5.785365936223168,2.8656461059205727,4.342654859046636,1.2059493014418887,20.048980417348794,1.22,124.0,0.73,4.2,0.64,3.4,-3.04,-3.63,-3.87,2.379,1.3,0.69,0.4,1.9,0.63,-4.85,9.83,14.33,0.85,0.64,0.3
V,1.2886305766922643,-1.7635653262699051,0.06559268126188002,3.8839219053626084,0.9560254920477628,-3.477811746831912,1.88,123.0,1.0,4.7,1.08,2.6,-3.03,-3.54,-3.89,2.184,1.5,1.05,0.6,4.2,0.36,-3.4,10.38,15.07,0.86,1.8,-0.08
L,3.1675196415780356,-1.0642138964170207,1.66378170427346,7.992725372162087,2.1432273210653183,6.605685051349402,1.97,145.0,1.34,5.7,1.06,2.8,-2.93,-3.47,-3.91,2.467,1.8,1.01,0.5,3.8,1.16,-4.71,9.37,14.1,0.85,1.53,0.71
I,3.328627956625487,1.3722193190017322,1.3132304990280146,6.3088253666530205,1.8308013145241757,3.3634272796825107,2.19,151.0,1.34,4.8,1.38,3.1,-2.95,-3.53,-3.84,2.399,1.8,1.54,0.7,4.5,1.83,-3.25,9.99,12.77,0.88,1.38,0.35
Y,2.8530640154374347,0.5991186560946118,0.9426305974358912,2.589745983521522,5.892296909962068,31.530749788120847,1.36,53.0,1.16,3.2,0.26,-0.7,-3.23,-3.59,-4.02,2.746,2.3,0.49,-0.4,-1.3,0.8,-6.18,8.53,13.29,0.76,0.26,1.19
F,5.6856089075130845,0.30253079302575214,3.044617209091638,7.997183361990169,4.330188122054836,17.63314829989981,1.92,189.0,1.52,4.4,1.19,3.7,-2.96,-3.51,-3.91,2.721,2.5,1.15,0.5,2.8,1.74,-4.45,6.18,10.97,0.88,1.19,1.43
W,2.435692630981698,-0.466809142888293,3.4299597361454506,4.190688182923209,8.079257710951586,21.429932445766465,1.51,145.0,1.16,1.0,0.81,1.9,-3.22,-3.58,-4.05,3.037,3.4,0.82,0.3,-0.9,1.96,-5.09,8.41,12.95,0.85,0.81,2.33
