AA,PC1,PC2,PC3,PC4
G,2.627670441880953,-13.857054788464835,23.795864352871806,-0.12804931315794352
A,-25.465534449146226,-0.7878575103513846,6.400232565243802,6.351314538898655
R,-23.26458087299375,5.322351947616584,-15.07650055857799,-7.00746259098835
K,15.250422705834628,0.5373049311849938,-3.763590455773409,0.007790480876009556
E,-14.09624111470712,1.1060625074543218,2.3106383137974604,1.7628118722166755
D,2.6930175779733867,-13.171153465880433,-0.3292632143260441,1.3640594808049837
Q,-11.964509613978251,1.7440404282409736,-5.701093595247176,-0.04774546993828347
N,-3.1610702620375037,-3.3954486658133343,-2.976810675325679,1.7777319581675897
S,-17.577192049660088,-7.958182789359753,-5.719445818506637,-5.354040475915081
P,-4.195053201548914,-22.77283280580482,-1.2317138292228407,0.2885514018594679
T,11.24313626305125,8.840173922377426,4.315625811045109,-1.2664711339430337
H,-2.6820823449183147,-14.426503602534462,-0.5333313861218043,0.02236801589437027
C,-26.542094615086008,28.32158365674683,13.019952411568687,-0.9003132582786247
M,20.048980417348794,-11.533308484008419,-0.5294293999821257,-3.1700554215565213
V,-3.477811746831912,3.3695894703288287,-3.252732691892547,-1.525577467862577
L,6.605685051349402,4.388579053388935,-6.7651309226722995,-2.6914220111726617
I,3.3634272796825107,5.672899918001795,-1.541640531838392,4.23306339618552
Y,31.530749788120847,14.671093051746428,5.218085675056355,-12.971227156056683
F,17.63314829989981,-1.3655291143902726,-0.3248151762263617,5.052215222310668
W,21.429932445766465,15.294192339520585,-7.314900873869915,14.202457931655813
