AA,density_cluster,density_PC1,density_PC2
G,2,2.627670441880953,-13.857054788464835
A,1,-25.465534449146226,-0.7878575103513846
R,1,-23.26458087299375,5.322351947616584
K,0,15.250422705834628,0.5373049311849938
E,1,-14.09624111470712,1.1060625074543218
D,2,2.6930175779733867,-13.171153465880433
Q,1,-11.964509613978251,1.7440404282409736
N,1,-3.1610702620375037,-3.3954486658133343
S,1,-17.577192049660088,-7.958182789359753
P,2,-4.195053201548914,-22.77283280580482
T,0,11.24313626305125,8.840173922377426
H,2,-2.6820823449183147,-14.426503602534462
C,3,-26.542094615086008,28.32158365674683
M,0,20.048980417348794,-11.533308484008419
V,1,-3.477811746831912,3.3695894703288287
L,0,6.605685051349402,4.388579053388935
I,0,3.3634272796825107,5.672899918001795
Y,0,31.530749788120847,14.671093051746428
F,0,17.63314829989981,-1.3655291143902726
W,0,21.429932445766465,15.294192339520585
