,G,A,R,K,E,D,Q,N,S,P,T,H,C,M,V,L,I,Y,F,W
MOFF2 λ,-0.5677393063197052,0.07134581960711793,-0.06272615316029641,-1.1290002914178716,-1.0151336259525443,-1.35380042896708,-0.509224145019601,-1.0467342409729943,-1.1296883338507135,-0.8253685784154867,-0.6614975058053836,-0.6118622611814236,0.7620395880334776,1.0346567982272767,0.48392709433974357,1.1895174646154478,1.250019427074704,1.0714280756086976,2.135150482947164,0.9146901206094702
MOFF2 Gaussian,0.5503675328453723,0.1003054343514744,-1.141728809299316,-0.7318198370188584,0.0994652242510941,0.9510623449321276,0.03288729575123324,0.6403683769636112,0.14666916145128878,-0.5170342619862196,-1.1206563102817386,0.5190863596547314,-1.99046253363107,2.9888095596623527,-0.9110851352102308,-0.5497893654784393,0.7089097325558587,0.3095139679058261,0.15629208873827777,-0.2411608261573758
Density profile,0.16317605178234756,-1.5813875673710893,-1.4447102622613528,0.9470380019834694,-0.8753643278125028,0.16723405216660203,-0.7429856534533252,-0.19629971724941245,-1.0915283569694856,-0.26050915957164017,0.6981889950181036,-0.16655498369332347,-1.6482410184676637,1.2450242673593208,-0.2159690883016791,0.4102073033273107,0.20886591225753814,1.9580321710662014,1.0950031915001537,1.3307801886904282
MJ ε,-0.6607170426589883,-0.3443281456752636,-0.7276454008606812,-1.3430637958739542,-1.0242479571686944,-0.9802265559189248,-0.8064681071631475,-0.8791129438088056,-0.8384101704337963,-0.730959971331805,-0.5368972864805045,-0.22356899100078062,0.5809799392347827,0.9911679155660582,0.8864666670758022,1.824260320921987,1.4399268399857412,0.5910838442491643,1.8252778129007268,0.9564830284410826
HPS-Urry λ,-0.21936083996975067,-0.07963968225679219,-0.28922141882622937,-1.1275388641412614,-2.9439044134469996,-1.546697586798777,-0.28922141882622937,-0.14950026111327128,-0.14950026111327128,0.6608748528517123,-0.14950026111327128,0.6888219346831189,0.12994205431264488,0.2696584615442447,0.21377379884414813,0.4792401981136817,0.40937961925720284,1.317557643428714,0.9682594996276768,1.806576944942709
Bandyopadhyay-Mehler (2008),-0.7521068067503763,-0.002000284060506322,-0.7721096473554396,-1.6522346339782206,-1.2921835030870827,-1.2521778218769564,-0.862122430078224,-0.912129531590882,-0.6420911834225288,-0.03200454496810115,-0.28204005253139114,-0.18202584950607517,1.8482624719078398,0.46806647015847885,1.1281602101255643,1.218172992848349,1.4382042395040442,0.6080863543939214,1.168165891335691,0.7581076589318954
Biou accessibility information value,-0.3589171528958311,-0.07798334900975548,-0.9110973881201866,-1.5989008390136823,-1.2598427998408324,-0.9885963685025523,-0.9401595057635738,-0.9498468783113695,-0.9110973881201866,-0.42672876073040106,-0.6011014665907238,0.2513873176152987,1.3944972782551925,0.9682528861521813,0.9585655136043857,1.1716877096558913,1.2298119449426654,0.2804494352586858,1.5979321017589023,1.1716877096558913
Black-Mould (1991),-0.08297880162393174,0.28692669959118566,-1.6025905903995492,-0.7528076822026579,-1.4826212386541056,-1.5126135765904665,-0.8427846960117404,-0.8727770339481014,-0.512868978711771,0.5568577410184335,-0.2329404913057361,-1.0827233995026275,0.4668807272093509,0.6468347548275162,0.9167657962547641,1.2566789595335206,1.2566789595335206,1.0767249319153553,1.4366329871516859,1.0767249319153553
Cornette (1987),-0.31624618095929546,-0.2471213326621817,0.16762775712050093,-1.387681329564559,-0.9383698156333194,-1.387681329564559,-1.2839940571188884,-0.4890583017020799,-0.4890583017020799,-1.0766195122275473,-0.9729322397818763,-0.14343406021651103,1.1008132091315368,1.135375633280094,1.3081877540228783,1.6538119955084472,1.342750178171435,0.7897513917945249,1.2045004815772078,0.02937806052627342
Eisenberg (1984),0.4925811004990844,0.6362505881446507,-2.5963128838805907,-1.539315939059639,-0.7593958632694219,-0.9235895634357834,-0.8722790321337953,-0.8004442883110122,-0.18471791268715668,0.12314527512477108,-0.051310531301988004,-0.4104842504159038,0.2976010815515301,0.6567748006654459,1.1083074761229401,1.087783263602145,1.4161706639348677,0.26681476277033733,1.2211906449873136,0.8312306070922051
Engelman GES (1986),0.4969514566439132,0.6227619519968026,-2.291847857011802,-1.5579533007866142,-1.4321428054337244,-1.6418269643552068,-0.5724377538556468,-0.7192166651006845,0.4130777930753203,0.2453304659381344,0.5388882884282097,-0.3417851790420162,0.7066356155653956,1.000193438055471,0.832446110918285,0.8743829427025814,0.9372881903790263,0.14048838647739323,1.0630986857319156,0.6856671996732473
FDewet_C36m (2024),-0.40495560447398254,0.2011004022217732,-0.5977916066044496,-0.40495560447398254,-2.8567276315613563,-1.975191621822075,0.03581240039565799,-0.2947636032565724,-0.48759960538703956,0.6694164073957657,-0.32231160356092553,-0.10192760112610529,0.33884040374353525,0.9173484101349378,0.944896410439291,1.220376413482815,1.16528041287411,0.3939364043522403,1.137732412569758,0.4214844046565922
FDewet_a03ws (2024),0.07791108468596762,0.3851660665461144,0.14375143794171308,-0.47075852577858246,-3.170213009264163,-2.0728737883350647,-0.9316409985688036,-0.05376962182552428,-0.07571640624410675,0.3851660665461144,0.012070731430221188,0.14375143794171308,0.31932571329036896,0.5826871263133527,0.7802081860805902,0.9338356770106635,0.8021549704991726,0.6704742639876807,0.8460485393363365,0.6924210484062622
FDewet_a99SBdisp (2024),-0.02887181180435712,0.32261111450955965,-0.7318376644321929,-0.6314139711996449,-2.690099682466877,-2.263298986228549,-0.530990277967097,-0.43056658473454895,-0.12929550503690507,0.8247295806722983,0.22218742127701166,-0.2548251215775917,0.49835257766651914,0.9753651205211202,0.9251532739048463,0.8749414272885723,1.0506828904455319,0.598776270899067,0.8749414272885723,0.5234585009746555
Hassanali_nBranch <nbr> (2023),-1.8905229865218833,-1.322673591302856,1.1403154521878036,0.44089119710095287,-0.6301743288406279,-1.458865112920428,0.10849155111908283,-0.44781618972557385,-1.216490371058648,0.3739496017296043,-0.6671076228386134,0.29546635198388443,-0.7178909020858435,0.4339662044763303,-0.016158316124117913,0.6370993214652508,0.48013282197381224,1.2811236355551232,1.223415363683271,1.9528479201434847
Hopp-Woods (1981),-0.11457463654176278,0.15187800657861575,-1.7132904952640338,-1.7132904952640338,-1.7132904952640338,-1.7132904952640338,-0.2211556937899142,-0.2211556937899142,-0.27444622241398986,-0.11457463654176278,0.09858747795454005,0.15187800657861575,0.41833064969899425,0.5782022355712214,0.6847832928193728,0.8446548786915999,0.8446548786915999,1.1111075218119784,1.21768857906013,1.6973033366768113
Jain (2017),-0.458757051875712,-0.3593872933466769,-0.9887290973638989,-1.1543453615789576,-1.6511941542241328,-1.1709069880004634,0.303077763513557,-0.24345590839613596,-0.7071814481982996,-0.8231128331488405,-0.7568663274628171,-0.40907217261119444,0.45213240130710963,0.6839951712081913,1.280213722382402,1.2139672166963784,2.0917334170361883,0.35276264277807445,1.4458299865974602,0.8992963146877673
Janin (1979),0.6045203089964623,0.6045203089964623,-1.8718279447239858,-2.4544981220699738,-0.8521551343685071,-0.7064875900320102,-0.8521551343685071,-0.5608200456955132,0.02185013165047448,-0.2694849570225194,-0.12381741268602248,0.02185013165047448,1.478525575015444,0.7501878533329593,1.041522942005953,0.8958553976694562,1.18719048634245,-0.4151525013590164,0.8958553976694562,0.6045203089964623
Kyte-Doolittle (1982),0.030913601009206104,0.7865794034564657,-1.3773726671879596,-1.1712819937932524,-1.0338882115301142,-1.0338882115301142,-1.0338882115301142,-1.0338882115301142,-0.10648018125393202,-0.3812677457802082,-0.07213173568814746,-0.9308428748327607,1.0270185224169575,0.8209278490222504,1.6109420970352946,1.4735483147721564,1.7139874337326482,-0.27822240908285467,1.130063859114311,-0.14082862681971656
Meek (1980),-0.2402379534191898,-0.17016855033859277,-0.1301288914353945,-0.2302280386933902,-2.4724489372724947,-1.321308743805544,-0.870862581144563,-0.1301288914353945,-0.08007931780639659,0.5605552246447763,0.1201189767095949,-0.7006940308059703,-1.1411302787411517,0.39038667430618346,0.1201189767095949,0.9209121547735608,1.5915764414021325,0.5605552246447763,1.5014872088699363,1.721705332837527
PARCH (2023),-0.08666067738211665,0.6079230289764228,-0.6124670345320387,-2.929909867896511,-0.4047410662752796,-1.7874170424843345,-0.008763439285831794,0.13404816389069016,-0.5540441059598251,0.6079230289764228,0.5689744099282801,-0.63194134405611,0.8935462353294668,0.413179933735711,1.354438227399152,0.504060044848043,1.4518097750195078,-0.4501811218314454,0.6728373940566599,0.2573854575431413
Ponnuswamy average gain in surrounding hydrophobicity,-0.2831092283386926,-0.08319155001296445,-0.6055570966059955,-1.308493449428716,-0.8828622633158759,-1.0118414106227973,-0.6958424997208402,-1.0182903679881432,-0.5281696082218428,-0.7151893718168786,-0.43143524774165165,0.0651344693899946,2.051413337916581,1.3420280277285146,1.6967206828225483,1.0453759889225953,1.4452113455740516,0.5036635702335265,-1.0118414106227973,0.42627608184937427
Ponnuswamy surrounding hydrophobicity folded form,-0.22655040723249342,-0.028272903333714194,-0.6084181925190315,-1.1151273691492456,-0.8287265301843426,-0.9902859778055696,-0.7626340288847495,-0.968255144039039,-0.7773212513957699,-0.8287265301843426,-0.49092041243086576,0.38296932697486596,1.9177840793765297,1.4771674040459088,2.020594636953675,1.3082643451691705,0.3315640481862933,0.7134318334728313,-0.9902859778055696,0.46374905078547946
Rose (1985),-0.14680302119143085,0.0311400347981817,-0.85857524514988,-1.9262335810875542,-1.0365183011394925,-1.0365183011394925,-1.0365183011394925,-0.9475467731446863,-0.6806321891602675,-0.85857524514988,-0.32474607718104337,0.38702614677740677,1.5436560107098873,1.0098268427410497,1.098798370735856,1.0098268427410497,1.2767414267254684,0.20908309078779425,1.2767414267254684,1.0098268427410497
Tanford (1962),0.3683907365038216,0.5041136394262822,-2.5496516763290815,-1.551118890542407,-0.8143374175347637,-0.18419536825191088,-0.9209768412595541,-0.8531153897983239,-0.27144580584492123,0.019388986131780035,-0.1454173959883507,-0.48472465329450226,0.18419536825191077,0.5235026255580623,1.6480638212013072,1.386312508422276,1.2408951124339254,0.15511188905424067,1.0566997441820145,0.688309007678193
Wimley-White (1996),0.04898410723538496,-0.1509510243376148,-0.36088291248926446,-0.5408245309049642,-2.4602017940057617,-1.480519649298063,-0.660785609848764,-0.46085047827576436,-0.10096724144436485,-0.5008375045903644,-0.11096399802301483,-0.1509510243376148,0.35888356117353454,0.3488868045948846,-0.030989945393814937,0.758753824319534,0.3988705874881345,1.2385981400947332,1.4785202979823329,2.3782283900608316
