PC1_1,PC1_2,pearson_r,pearson_p,spearman_r,spearman_p,abs_pearson_r,abs_spearman_r,n_AA
MOFF2 λ,MOFF2 Gaussian,0.0506658288569921,0.8320052832212883,-0.006015037593984962,0.9799209119891911,0.0506658288569921,0.006015037593984962,20
MOFF2 λ,delta_W*,0.8908359846818602,1.3982510142718846e-07,0.8902255639097743,1.466833096301323e-07,0.8908359846818602,0.8902255639097743,20
MOFF2 λ,MJ ε,0.9462577921481161,2.920142407690284e-10,0.9278195488721804,3.879148683992122e-09,0.9462577921481161,0.9278195488721804,20
MOFF2 λ,HPS-Urry λ,0.6395882670353177,0.0023921270145805403,0.6817337889537798,0.000931572133093971,0.6395882670353177,0.6817337889537798,20
MOFF2 λ,Density profile,0.3739974045712916,0.10427859036939409,0.35639097744360904,0.12298631080226882,0.3739974045712916,0.35639097744360904,20
MOFF2 λ,Bandyopadhyay-Mehler (2008),0.8657881781584876,8.160944990437932e-07,0.8406015037593983,3.483775929626355e-06,0.8657881781584876,0.8406015037593983,20
MOFF2 λ,Biou accessibility information value,0.9009735733989717,6.042217064500673e-08,0.8803614230338747,3.065609943127449e-07,0.9009735733989717,0.8803614230338747,20
MOFF2 λ,Black-Mould (1991),0.82951281549873,6.113781365510987e-06,0.8043644113018907,1.912381682841755e-05,0.82951281549873,0.8043644113018907,20
MOFF2 λ,Cornette (1987),0.8812343663700569,2.87957748382264e-07,0.8668174011410459,7.644596221785161e-07,0.8812343663700569,0.8668174011410459,20
MOFF2 λ,Eisenberg (1984),0.6761176848663524,0.0010653130685885032,0.7819548872180451,4.6467758941161795e-05,0.6761176848663524,0.7819548872180451,20
MOFF2 λ,Engelman GES (1986),0.6402412444447785,0.0023598970147071224,0.7548872180451127,0.00011960282700609452,0.6402412444447785,0.7548872180451127,20
MOFF2 λ,FDewet_C36m (2024),0.7343423657176612,0.00022722418092943793,0.8138398469480826,1.2694288232327175e-05,0.7343423657176612,0.8138398469480826,20
MOFF2 λ,FDewet_a03ws (2024),0.6614007483393703,0.0014946863402835909,0.8735894120874602,4.904209073165155e-07,0.6614007483393703,0.8735894120874602,20
MOFF2 λ,FDewet_a99SBdisp (2024),0.6983839210581421,0.0006151932848223531,0.7702144207715682,7.11075338097597e-05,0.6983839210581421,0.7702144207715682,20
MOFF2 λ,Hassanali_nBranch <nbr> (2023),0.5893599216159079,0.006245861875822457,0.6,0.005162925673676805,0.5893599216159079,0.6,20
MOFF2 λ,Hopp-Woods (1981),0.7709402251674706,6.93112110786888e-05,0.863201802970862,9.595381579810153e-07,0.7709402251674706,0.863201802970862,20
MOFF2 λ,Jain (2017),0.86046449940514,1.134909960354888e-06,0.8511278195488721,1.961529361658419e-06,0.86046449940514,0.8511278195488721,20
MOFF2 λ,Janin (1979),0.633733937088679,0.002697853108027707,0.6732024941275525,0.0011408875055366424,0.633733937088679,0.6732024941275525,20
MOFF2 λ,Kyte-Doolittle (1982),0.7425171602066472,0.00017725991139500342,0.6867973428251181,0.0008234234561348297,0.7425171602066472,0.6867973428251181,20
MOFF2 λ,Meek (1980),0.6653232172927044,0.0013681002262704036,0.6277760870254727,0.0030417312263461243,0.6653232172927044,0.6277760870254727,20
MOFF2 λ,PARCH (2023),0.5818025041287158,0.00712307077589977,0.6077473163900655,0.004475980226711751,0.5818025041287158,0.6077473163900655,20
MOFF2 λ,Ponnuswamy average gain in surrounding hydrophobicity,0.61904416579366,0.003611000336132377,0.643098954843448,0.0022230760605130647,0.61904416579366,0.643098954843448,20
MOFF2 λ,Ponnuswamy surrounding hydrophobicity folded form,0.5836259095243669,0.006902712885998211,0.6155005504629995,0.00386593142470097,0.5836259095243669,0.6155005504629995,20
MOFF2 λ,Rose (1985),0.85842842556668,1.282930448659053e-06,0.8196284772616245,9.770848243591013e-06,0.85842842556668,0.8196284772616245,20
MOFF2 λ,Tanford (1962),0.6295554962298349,0.0029354121499039418,0.7218045112781954,0.0003270659389347304,0.6295554962298349,0.7218045112781954,20
MOFF2 λ,Wimley-White (1996),0.7644186034306736,8.69474056094661e-05,0.8123355219075132,1.356805172738919e-05,0.7644186034306736,0.8123355219075132,20
MOFF2 Gaussian,delta_W*,0.07494500474435062,0.753501988961282,-0.11428571428571428,0.6313917305184382,0.07494500474435062,0.11428571428571428,20
MOFF2 Gaussian,MJ ε,0.08930900066271816,0.7080811647080781,0.051127819548872175,0.8304946161837171,0.08930900066271816,0.051127819548872175,20
MOFF2 Gaussian,HPS-Urry λ,-0.00891034870122739,0.9702593609986278,0.08662915550241401,0.716488614733259,0.00891034870122739,0.08662915550241401,20
MOFF2 Gaussian,Density profile,0.3746300472315489,0.10364727512154136,0.33082706766917286,0.15423604448098624,0.3746300472315489,0.33082706766917286,20
MOFF2 Gaussian,Bandyopadhyay-Mehler (2008),-0.14406938371284703,0.5445234054637171,-0.10977443609022557,0.6450049409876997,0.14406938371284703,0.10977443609022557,20
MOFF2 Gaussian,Biou accessibility information value,0.035896006921989174,0.8805728991248295,0.0015048913214254266,0.9949759951204202,0.035896006921989174,0.0015048913214254266,20
MOFF2 Gaussian,Black-Mould (1991),0.009688177122067657,0.967664400758792,0.019563587178530545,0.9347541480371615,0.009688177122067657,0.019563587178530545,20
MOFF2 Gaussian,Cornette (1987),0.041812824864716845,0.8610575318563678,0.008276902267839848,0.9723728535654657,0.041812824864716845,0.008276902267839848,20
MOFF2 Gaussian,Eisenberg (1984),0.17619486997755973,0.45743687874825056,0.12030075187969923,0.6134176645307821,0.17619486997755973,0.12030075187969923,20
MOFF2 Gaussian,Engelman GES (1986),0.1057157675563387,0.6573461390778064,0.06165413533834586,0.7962393511384775,0.1057157675563387,0.06165413533834586,20
MOFF2 Gaussian,FDewet_C36m (2024),-0.006187159048946574,0.9793464607006896,0.015795412925979423,0.947302546193412,0.006187159048946574,0.015795412925979423,20
MOFF2 Gaussian,FDewet_a03ws (2024),-0.08079895051994317,0.7348873630277839,-0.036869837374922956,0.8773560661749165,0.08079895051994317,0.036869837374922956,20
MOFF2 Gaussian,FDewet_a99SBdisp (2024),-0.03429263742076284,0.8858731781128731,0.08198571471103606,0.7311305600862845,0.03429263742076284,0.08198571471103606,20
MOFF2 Gaussian,Hassanali_nBranch <nbr> (2023),-0.05771499884479381,0.8090197872043232,-0.11428571428571428,0.6313917305184382,0.05771499884479381,0.11428571428571428,20
MOFF2 Gaussian,Hopp-Woods (1981),0.08657816722252579,0.7166488880933427,0.07029576854316127,0.7683802459841081,0.08657816722252579,0.07029576854316127,20
MOFF2 Gaussian,Jain (2017),0.1065361772020765,0.6548444957056918,0.11428571428571428,0.6313917305184382,0.1065361772020765,0.11428571428571428,20
MOFF2 Gaussian,Janin (1979),0.10203183803547727,0.6686223784853202,0.05201676606360708,0.8275894573025973,0.10203183803547727,0.05201676606360708,20
MOFF2 Gaussian,Kyte-Doolittle (1982),-0.00031679764721740723,0.9989423806963381,0.04905695305893701,0.8372705548079279,0.00031679764721740723,0.04905695305893701,20
MOFF2 Gaussian,Meek (1980),0.08484966303373669,0.7220888681192759,0.029356435724212752,0.9022192294425221,0.08484966303373669,0.029356435724212752,20
MOFF2 Gaussian,PARCH (2023),-0.064050129403748,0.7884897481212765,-0.17149305462491948,0.4697166138884892,0.064050129403748,0.17149305462491948,20
MOFF2 Gaussian,Ponnuswamy average gain in surrounding hydrophobicity,-0.03520020281181392,0.8828724402545037,-0.09627680259644603,0.6863748887537229,0.03520020281181392,0.09627680259644603,20
MOFF2 Gaussian,Ponnuswamy surrounding hydrophobicity folded form,-0.04980058461746333,0.8348360745836014,-0.1467269038389791,0.5370454117358413,0.04980058461746333,0.1467269038389791,20
MOFF2 Gaussian,Rose (1985),0.040326081315880655,0.8659543934682348,-0.006037778838023016,0.9798450130731293,0.040326081315880655,0.006037778838023016,20
MOFF2 Gaussian,Tanford (1962),0.1594681636438677,0.5018631723771134,0.10526315789473684,0.6587277693915812,0.1594681636438677,0.10526315789473684,20
MOFF2 Gaussian,Wimley-White (1996),-0.0298340445491541,0.9006358851204619,0.036103800973667256,0.8798863446926044,0.0298340445491541,0.036103800973667256,20
delta_W*,MJ ε,0.8321654147571709,5.363854569721145e-06,0.8616541353383457,1.0555245332264338e-06,0.8321654147571709,0.8616541353383457,20
delta_W*,HPS-Urry λ,0.7229467096325447,0.0003166431434583456,0.7088524811110574,0.00046727425291024987,0.7229467096325447,0.7088524811110574,20
delta_W*,Density profile,0.324069629869164,0.16334116887912595,0.33383458646616543,0.15029922707342816,0.324069629869164,0.33383458646616543,20
delta_W*,Bandyopadhyay-Mehler (2008),0.7827275801582753,4.514433185171513e-05,0.8030075187969924,2.0243327207549978e-05,0.7827275801582753,0.8030075187969924,20
delta_W*,Biou accessibility information value,0.856494030324253,1.4389107986219012e-06,0.8623027271767694,1.014323266647814e-06,0.856494030324253,0.8623027271767694,20
delta_W*,Black-Mould (1991),0.7208699823132422,0.0003358098735564384,0.7065464754092378,0.0004969482770486485,0.7208699823132422,0.7065464754092378,20
delta_W*,Cornette (1987),0.728345284317727,0.0002711243893457908,0.7396540844805972,0.00019356320219879864,0.728345284317727,0.7396540844805972,20
delta_W*,Eisenberg (1984),0.5544157118523714,0.011186623201335259,0.6406015037593984,0.002342270858482576,0.5544157118523714,0.6406015037593984,20
delta_W*,Engelman GES (1986),0.5801621239940848,0.007326200827052639,0.6796992481203006,0.0009782817239871893,0.5801621239940848,0.6796992481203006,20
delta_W*,FDewet_C36m (2024),0.7215536012819541,0.0003293943021019939,0.742384407521033,0.0001779889609648205,0.7215536012819541,0.742384407521033,20
delta_W*,FDewet_a03ws (2024),0.6487474433729773,0.0019720729531608368,0.7855532697840727,4.0577626849981544e-05,0.6487474433729773,0.7855532697840727,20
delta_W*,FDewet_a99SBdisp (2024),0.6772306189709818,0.0010375966631107718,0.6882287060605321,0.0007948513127898067,0.6772306189709818,0.6882287060605321,20
delta_W*,Hassanali_nBranch <nbr> (2023),0.6401611950302609,0.0023638285326579873,0.6496240601503759,0.0019353332844401431,0.6401611950302609,0.6496240601503759,20
delta_W*,Hopp-Woods (1981),0.7355769395602196,0.0002189848792617152,0.7936619029066596,2.9614896992179814e-05,0.7355769395602196,0.7936619029066596,20
delta_W*,Jain (2017),0.7638490910605602,8.865597316024051e-05,0.7593984962406014,0.00010303152627878628,0.7638490910605602,0.7593984962406014,20
delta_W*,Janin (1979),0.5722998668924472,0.008366712214936553,0.6061084045672477,0.004614611461662217,0.5722998668924472,0.6061084045672477,20
delta_W*,Kyte-Doolittle (1982),0.5708329208099012,0.008573582041982733,0.5388717612935542,0.014222214917520867,0.5708329208099012,0.5388717612935542,20
delta_W*,Meek (1980),0.6304295175103694,0.0028843332455013725,0.5931505474533244,0.0058405058986224076,0.6304295175103694,0.5931505474533244,20
delta_W*,PARCH (2023),0.48908915466909075,0.028634126720634936,0.47160590021852855,0.03579805261823721,0.48908915466909075,0.47160590021852855,20
delta_W*,Ponnuswamy average gain in surrounding hydrophobicity,0.5961950031339525,0.005530832655725516,0.6152689415929128,0.0038830995458908873,0.5961950031339525,0.6152689415929128,20
delta_W*,Ponnuswamy surrounding hydrophobicity folded form,0.5765541823729489,0.007789685465511179,0.5981943002666071,0.005334920381112707,0.5765541823729489,0.5981943002666071,20
delta_W*,Rose (1985),0.7997408731826078,2.3174049780519583e-05,0.7758545806859575,5.814446086603826e-05,0.7997408731826078,0.7758545806859575,20
delta_W*,Tanford (1962),0.49756883062904333,0.02559271247034331,0.5969924812030075,0.005451989383349595,0.49756883062904333,0.5969924812030075,20
delta_W*,Wimley-White (1996),0.7939451936190484,2.9283590580754118e-05,0.7822490210961239,4.596008952647555e-05,0.7939451936190484,0.7822490210961239,20
MJ ε,HPS-Urry λ,0.6315939148210529,0.0028174355157759056,0.7954816366134713,2.75419758657539e-05,0.6315939148210529,0.7954816366134713,20
MJ ε,Density profile,0.4025680126875951,0.07844948931788945,0.41503759398496237,0.06880769728594098,0.4025680126875951,0.41503759398496237,20
MJ ε,Bandyopadhyay-Mehler (2008),0.9064091218267767,3.710145741148623e-08,0.9112781954887217,2.3360131773309556e-08,0.9064091218267767,0.9112781954887217,20
MJ ε,Biou accessibility information value,0.9500211676732143,1.5404705212426195e-10,0.9525962064622949,9.660636771620971e-11,0.9500211676732143,0.9525962064622949,20
MJ ε,Black-Mould (1991),0.854358382905832,1.6301276896547239e-06,0.83747202037325,4.100181195867958e-06,0.854358382905832,0.83747202037325,20
MJ ε,Cornette (1987),0.9071254613727439,3.4715582365314415e-08,0.8886383253017145,1.6591682817945666e-07,0.9071254613727439,0.8886383253017145,20
MJ ε,Eisenberg (1984),0.7849115476486752,4.1578108937452816e-05,0.8706766917293233,5.953878226538418e-07,0.7849115476486752,0.8706766917293233,20
MJ ε,Engelman GES (1986),0.7206388060952742,0.00033800335026743335,0.8661654135338346,7.968256140440842e-07,0.7206388060952742,0.8661654135338346,20
MJ ε,FDewet_C36m (2024),0.7472742649082319,0.0001527675750177449,0.8559609480840278,1.4847049227742258e-06,0.7472742649082319,0.8559609480840278,20
MJ ε,FDewet_a03ws (2024),0.6540310932242772,0.0017591933434143942,0.9285179453194884,3.5633537418459993e-09,0.6540310932242772,0.9285179453194884,20
MJ ε,FDewet_a99SBdisp (2024),0.7074720552279853,0.0004848510459002252,0.861226085726021,1.0835106404637985e-06,0.7074720552279853,0.861226085726021,20
MJ ε,Hassanali_nBranch <nbr> (2023),0.5206750499778867,0.018583445232665453,0.5052631578947367,0.023059229474174193,0.5206750499778867,0.5052631578947367,20
MJ ε,Hopp-Woods (1981),0.8144111101049211,1.2375509988299083e-05,0.9297182291192297,3.07329073414576e-09,0.8144111101049211,0.9297182291192297,20
MJ ε,Jain (2017),0.9103692913679757,2.5517472813018696e-08,0.875187969924812,4.400102028393744e-07,0.9103692913679757,0.875187969924812,20
MJ ε,Janin (1979),0.7437218305547225,0.00017076014919123708,0.8141754688216759,1.2506151415490276e-05,0.7437218305547225,0.8141754688216759,20
MJ ε,Kyte-Doolittle (1982),0.8236032449971203,8.119803770685534e-06,0.8067981972308256,1.7249719876010263e-05,0.8236032449971203,0.8067981972308256,20
MJ ε,Meek (1980),0.6768007523093221,0.001048229051269612,0.7000380826543042,0.0005894763770972535,0.6768007523093221,0.7000380826543042,20
MJ ε,PARCH (2023),0.62440102231901,0.003252194726957337,0.6378338172014548,0.0024805485507828928,0.62440102231901,0.6378338172014548,20
MJ ε,Ponnuswamy average gain in surrounding hydrophobicity,0.6910766754085979,0.0007404889075536117,0.7077849315879352,0.0004808187858210066,0.6910766754085979,0.7077849315879352,20
MJ ε,Ponnuswamy surrounding hydrophobicity folded form,0.6556146420963782,0.001699277822907817,0.6726864206771658,0.0011547258722212357,0.6556146420963782,0.6726864206771658,20
MJ ε,Rose (1985),0.9151493722574168,1.5862687262139105e-08,0.920006550443757,9.5024344266769e-09,0.9151493722574168,0.920006550443757,20
MJ ε,Tanford (1962),0.7755087681227896,5.887598556405665e-05,0.837593984962406,4.074490008859048e-06,0.7755087681227896,0.837593984962406,20
MJ ε,Wimley-White (1996),0.7326344119468191,0.00023905863420896424,0.8777736611722851,3.6804349888533264e-07,0.7326344119468191,0.8777736611722851,20
HPS-Urry λ,Density profile,0.4088173302096145,0.07349937013979312,0.4572512816518722,0.04266305331828944,0.4088173302096145,0.4572512816518722,20
HPS-Urry λ,Bandyopadhyay-Mehler (2008),0.6725764750458614,0.0011576922284677257,0.784182181547939,4.2741023741165293e-05,0.6725764750458614,0.784182181547939,20
HPS-Urry λ,Biou accessibility information value,0.6832995617719703,0.0008969197142331918,0.8024882627875614,2.0686514841951228e-05,0.6832995617719703,0.8024882627875614,20
HPS-Urry λ,Black-Mould (1991),0.7211257744534482,0.0003333969808109448,0.7696951773659936,7.241709280894175e-05,0.7211257744534482,0.7696951773659936,20
HPS-Urry λ,Cornette (1987),0.5348887563118234,0.015098116131064057,0.6219378269607686,0.0034133145383021144,0.5348887563118234,0.6219378269607686,20
HPS-Urry λ,Eisenberg (1984),0.5393606741983051,0.014117578653354465,0.6892667589974679,0.0007746587069551931,0.5393606741983051,0.6892667589974679,20
HPS-Urry λ,Engelman GES (1986),0.6434633672156965,0.0022061153277385358,0.6350293746829131,0.002627542226996185,0.6434633672156965,0.6350293746829131,20
HPS-Urry λ,FDewet_C36m (2024),0.8315820206596818,5.521531604788478e-06,0.7897522157368799,3.452950531505361e-05,0.8315820206596818,0.7897522157368799,20
HPS-Urry λ,FDewet_a03ws (2024),0.8857880525708265,2.0606160191136972e-07,0.83339668812743,5.043880665973918e-06,0.8857880525708265,0.83339668812743,20
HPS-Urry λ,FDewet_a99SBdisp (2024),0.8427297508033909,3.112235631324093e-06,0.7663912246225257,8.124644137102053e-05,0.8427297508033909,0.7663912246225257,20
HPS-Urry λ,Hassanali_nBranch <nbr> (2023),0.5747606654612303,0.00802884547090537,0.5958579304557347,0.005564438549124274,0.5747606654612303,0.5958579304557347,20
HPS-Urry λ,Hopp-Woods (1981),0.855140846718927,1.5576412479443712e-06,0.8898196310158817,1.5140586912991953e-07,0.855140846718927,0.8898196310158817,20
HPS-Urry λ,Jain (2017),0.6587492292098692,0.0015857120977434173,0.697553026045525,0.0006284658138206847,0.6587492292098692,0.697553026045525,20
HPS-Urry λ,Janin (1979),0.49285033866454747,0.027251865500413974,0.5879911042681669,0.0063977964113799725,0.49285033866454747,0.5879911042681669,20
HPS-Urry λ,Kyte-Doolittle (1982),0.42298915043098567,0.06314185246920567,0.5296795853360632,0.01630853845561247,0.42298915043098567,0.5296795853360632,20
HPS-Urry λ,Meek (1980),0.8108646124071789,1.4472379392656095e-05,0.7530168053868995,0.00012711604702987935,0.8108646124071789,0.7530168053868995,20
HPS-Urry λ,PARCH (2023),0.46152336965371266,0.040521837423396226,0.4498874740409517,0.04655770149543277,0.46152336965371266,0.4498874740409517,20
HPS-Urry λ,Ponnuswamy average gain in surrounding hydrophobicity,0.4245130167928164,0.062097493919554984,0.5086667420061012,0.02200399507729349,0.4245130167928164,0.5086667420061012,20
HPS-Urry λ,Ponnuswamy surrounding hydrophobicity folded form,0.4194395945704498,0.0656258384497735,0.5035811738300526,0.023595305444633733,0.4194395945704498,0.5035811738300526,20
HPS-Urry λ,Rose (1985),0.6222949472566228,0.0033895525319520637,0.7330825952652581,0.00023590333324299665,0.6222949472566228,0.7330825952652581,20
HPS-Urry λ,Tanford (1962),0.4671790920143845,0.03781618382444879,0.631262889661069,0.002836320996847091,0.4671790920143845,0.631262889661069,20
HPS-Urry λ,Wimley-White (1996),0.9062832557689345,3.7535243485020316e-08,0.7754341889248564,5.9034784307106156e-05,0.9062832557689345,0.7754341889248564,20
Density profile,Bandyopadhyay-Mehler (2008),0.1643296845276638,0.48874016731863223,0.1819548872180451,0.44262106677574986,0.1643296845276638,0.1819548872180451,20
Density profile,Biou accessibility information value,0.28145119168619,0.229312629809159,0.2753951118208531,0.2399149008335432,0.28145119168619,0.2753951118208531,20
Density profile,Black-Mould (1991),0.45699581772008946,0.04279380769435465,0.4920994621061145,0.027523530272056573,0.45699581772008946,0.4920994621061145,20
Density profile,Cornette (1987),0.1880471024395515,0.4272280579923251,0.1873589695174656,0.4289523125300877,0.1880471024395515,0.1873589695174656,20
Density profile,Eisenberg (1984),0.3340299732301121,0.1500459125797928,0.3218045112781954,0.166474348578758,0.3340299732301121,0.3218045112781954,20
Density profile,Engelman GES (1986),0.2601348554520524,0.2680099134786271,0.29172932330827067,0.21202623258054837,0.2601348554520524,0.29172932330827067,20
Density profile,FDewet_C36m (2024),0.3074522500638848,0.18728743276124654,0.3708161225003741,0.10749552930091007,0.3074522500638848,0.3708161225003741,20
Density profile,FDewet_a03ws (2024),0.27950144586529724,0.2326921801079609,0.3747179390349312,0.10355978770804908,0.27950144586529724,0.3747179390349312,20
Density profile,FDewet_a99SBdisp (2024),0.30611200035090624,0.18931659618266966,0.3843550478654993,0.09428866374741529,0.30611200035090624,0.3843550478654993,20
Density profile,Hassanali_nBranch <nbr> (2023),0.5059645628184344,0.022838552915715897,0.5624060150375939,0.00984430003305582,0.5059645628184344,0.5624060150375939,20
Density profile,Hopp-Woods (1981),0.42803834042653266,0.059731521362704584,0.5094553548181795,0.021765056257333805,0.42803834042653266,0.5094553548181795,20
Density profile,Jain (2017),0.3331169674602871,0.1512321594012961,0.3293233082706767,0.15623105162611672,0.3331169674602871,0.3293233082706767,20
Density profile,Janin (1979),0.03549074040106294,0.8819121409646676,0.08443301158150714,0.7234020956407847,0.03549074040106294,0.08443301158150714,20
Density profile,Kyte-Doolittle (1982),0.10571830486813738,0.6573383967234543,0.1569822497885984,0.5086387117001021,0.10571830486813738,0.1569822497885984,20
Density profile,Meek (1980),0.5520899968820115,0.01160401823776603,0.5750850485461165,0.00798515141922311,0.5520899968820115,0.5750850485461165,20
Density profile,PARCH (2023),-0.12119981212892303,0.6107489329079349,-0.060925164143063495,0.79860081900868,0.12119981212892303,0.060925164143063495,20
Density profile,Ponnuswamy average gain in surrounding hydrophobicity,0.029582504443180023,0.9014697333340386,0.039864613575090926,0.8674752870490825,0.029582504443180023,0.039864613575090926,20
Density profile,Ponnuswamy surrounding hydrophobicity folded form,0.0791186393812476,0.7402164426031996,0.05793831587487893,0.8082939622037748,0.0791186393812476,0.05793831587487893,20
Density profile,Rose (1985),0.20081576665778123,0.39591101033142123,0.20377503578327677,0.3888387670785557,0.20081576665778123,0.20377503578327677,20
Density profile,Tanford (1962),0.3239283192335167,0.16353543739375004,0.33684210526315783,0.1464329432946607,0.3239283192335167,0.33684210526315783,20
Density profile,Wimley-White (1996),0.5192418540817535,0.018967807600720955,0.4919142882662163,0.02759085219109949,0.5192418540817535,0.4919142882662163,20
Bandyopadhyay-Mehler (2008),Biou accessibility information value,0.9557020223875231,5.309987202671883e-11,0.9653877826944114,5.971727735936764e-12,0.9557020223875231,0.9653877826944114,20
Bandyopadhyay-Mehler (2008),Black-Mould (1991),0.8568618138712067,1.4080403654470383e-06,0.8502635966053661,2.0595820987367702e-06,0.8568618138712067,0.8502635966053661,20
Bandyopadhyay-Mehler (2008),Cornette (1987),0.8725555345269598,5.256545028874871e-07,0.842739139998239,3.1106762698117027e-06,0.8725555345269598,0.842739139998239,20
Bandyopadhyay-Mehler (2008),Eisenberg (1984),0.7844287851200186,4.2344732569654216e-05,0.863157894736842,9.62152319092783e-07,0.7844287851200186,0.863157894736842,20
Bandyopadhyay-Mehler (2008),Engelman GES (1986),0.7817695299420844,4.679016110185033e-05,0.8586466165413533,1.2663006456217198e-06,0.7817695299420844,0.8586466165413533,20
Bandyopadhyay-Mehler (2008),FDewet_C36m (2024),0.7705471047704938,7.027924728249271e-05,0.8544566230434583,1.6208681319115611e-06,0.7705471047704938,0.8544566230434583,20
Bandyopadhyay-Mehler (2008),FDewet_a03ws (2024),0.7056915290487694,0.000508349159429418,0.8931529992659908,1.1628494327393133e-07,0.7056915290487694,0.8931529992659908,20
Bandyopadhyay-Mehler (2008),FDewet_a99SBdisp (2024),0.780583709822473,4.889875947729203e-05,0.8747650110911462,4.528854512764428e-07,0.780583709822473,0.8747650110911462,20
Bandyopadhyay-Mehler (2008),Hassanali_nBranch <nbr> (2023),0.384421690724283,0.0942267454187509,0.3639097744360902,0.11472526385210588,0.384421690724283,0.3639097744360902,20
Bandyopadhyay-Mehler (2008),Hopp-Woods (1981),0.828023253196323,6.57362996198594e-06,0.8873895942975412,1.8256929201846132e-07,0.828023253196323,0.8873895942975412,20
Bandyopadhyay-Mehler (2008),Jain (2017),0.8508932408555229,1.9877325343574425e-06,0.8406015037593983,3.483775929626355e-06,0.8508932408555229,0.8406015037593983,20
Bandyopadhyay-Mehler (2008),Janin (1979),0.8306123258513637,5.792548104264291e-06,0.8910698186548344,1.3727347076153013e-07,0.8306123258513637,0.8910698186548344,20
Bandyopadhyay-Mehler (2008),Kyte-Doolittle (1982),0.8556657256245336,1.510609440591097e-06,0.8558551502897624,1.4939432643494905e-06,0.8556657256245336,0.8558551502897624,20
Bandyopadhyay-Mehler (2008),Meek (1980),0.5763976896645469,0.0078103185998342345,0.6262706287832054,0.0031341645049770346,0.5763976896645469,0.6262706287832054,20
Bandyopadhyay-Mehler (2008),PARCH (2023),0.7548684691531563,0.00011967620381536965,0.7604363080078667,9.95118457023394e-05,0.7548684691531563,0.7604363080078667,20
Bandyopadhyay-Mehler (2008),Ponnuswamy average gain in surrounding hydrophobicity,0.8192125991283574,9.959356080228885e-06,0.7837533461366933,4.343778762654364e-05,0.8192125991283574,0.7837533461366933,20
Bandyopadhyay-Mehler (2008),Ponnuswamy surrounding hydrophobicity folded form,0.7571626121396602,0.00011097949268048447,0.7080513667306633,0.0004774075433686049,0.7571626121396602,0.7080513667306633,20
Bandyopadhyay-Mehler (2008),Rose (1985),0.9426270529010086,5.189407795702303e-10,0.9501954446338721,1.493751362811185e-10,0.9426270529010086,0.9501954446338721,20
Bandyopadhyay-Mehler (2008),Tanford (1962),0.7590023976847587,0.00010440278927727117,0.8360902255639097,4.401254248076888e-06,0.7590023976847587,0.8360902255639097,20
Bandyopadhyay-Mehler (2008),Wimley-White (1996),0.6935565013913931,0.0006957490147074768,0.8394133726377637,3.70755119247958e-06,0.6935565013913931,0.8394133726377637,20
Biou accessibility information value,Black-Mould (1991),0.8393257373528175,3.724541515477228e-06,0.8335843373493976,4.996605121359388e-06,0.8393257373528175,0.8335843373493976,20
Biou accessibility information value,Cornette (1987),0.8768216926330941,3.932382283154744e-07,0.8557981927710844,1.4989375965425656e-06,0.8768216926330941,0.8557981927710844,20
Biou accessibility information value,Eisenberg (1984),0.8111740326951666,1.427792296372172e-05,0.8713320751053221,5.701957917677215e-07,0.8111740326951666,0.8713320751053221,20
Biou accessibility information value,Engelman GES (1986),0.7790265870131464,5.1791733117031565e-05,0.8743418577481729,4.660956069533948e-07,0.7790265870131464,0.8743418577481729,20
Biou accessibility information value,FDewet_C36m (2024),0.7499157011283204,0.000140465725197908,0.8264961067112638,7.076022240661536e-06,0.7499157011283204,0.8264961067112638,20
Biou accessibility information value,FDewet_a03ws (2024),0.6828347108478925,0.000907091852941041,0.8889307228915664,1.6221591809184576e-07,0.6828347108478925,0.8889307228915664,20
Biou accessibility information value,FDewet_a99SBdisp (2024),0.739370050459994,0.00019524835449406772,0.8449379597298668,2.7637202822875817e-06,0.739370050459994,0.8449379597298668,20
Biou accessibility information value,Hassanali_nBranch <nbr> (2023),0.4182133772142454,0.06650081587624851,0.3995486458384508,0.08092802219362527,0.4182133772142454,0.3995486458384508,20
Biou accessibility information value,Hopp-Woods (1981),0.8475933164311066,2.390093222197872e-06,0.9130199935712158,1.966996024500235e-08,0.8475933164311066,0.9130199935712158,20
Biou accessibility information value,Jain (2017),0.8724356711358019,5.298792683968512e-07,0.8562831618910679,1.4568756437258107e-06,0.8724356711358019,0.8562831618910679,20
Biou accessibility information value,Janin (1979),0.8483148517200197,2.296520065764943e-06,0.8909861188921531,1.3818207816765726e-07,0.8483148517200197,0.8909861188921531,20
Biou accessibility information value,Kyte-Doolittle (1982),0.8285696205851768,6.401582678822949e-06,0.8277983397387239,6.645613524117842e-06,0.8285696205851768,0.8277983397387239,20
Biou accessibility information value,Meek (1980),0.6023519881811841,0.004945774125626526,0.6097928869448547,0.004307796438845287,0.6023519881811841,0.6097928869448547,20
Biou accessibility information value,PARCH (2023),0.6849828007061384,0.0008608881780515478,0.6917576703712673,0.0007279668875800722,0.6849828007061384,0.6917576703712673,20
Biou accessibility information value,Ponnuswamy average gain in surrounding hydrophobicity,0.7680333195672572,7.674892949087258e-05,0.7331577485762942,0.00023537773836914541,0.7680333195672572,0.7331577485762942,20
Biou accessibility information value,Ponnuswamy surrounding hydrophobicity folded form,0.7338482783790894,0.00023059507552457143,0.6701807228915663,0.0012239423377054517,0.7338482783790894,0.6701807228915663,20
Biou accessibility information value,Rose (1985),0.9807714776753126,3.183271817655506e-14,0.9739470429681427,4.778616017763177e-13,0.9807714776753126,0.9739470429681427,20
Biou accessibility information value,Tanford (1962),0.7876393273358272,3.746753929057152e-05,0.826937781123272,6.927403410208401e-06,0.7876393273358272,0.826937781123272,20
Biou accessibility information value,Wimley-White (1996),0.741443573220632,0.00018322978095013134,0.8867144022822121,1.921700511949533e-07,0.741443573220632,0.8867144022822121,20
Black-Mould (1991),Cornette (1987),0.7294799872009728,0.00026230374908025504,0.6935240963855421,0.0006963185372538685,0.7294799872009728,0.6935240963855421,20
Black-Mould (1991),Eisenberg (1984),0.8850447586042285,2.1783719546078496e-07,0.9089543581409577,2.9225372321862833e-08,0.8850447586042285,0.9089543581409577,20
Black-Mould (1991),Engelman GES (1986),0.8651476037291076,8.497492416859194e-07,0.8675698468017585,7.285412755021396e-07,0.8651476037291076,0.8675698468017585,20
Black-Mould (1991),FDewet_C36m (2024),0.8370497795459125,4.190216989353659e-06,0.8964998753124912,8.84305420072622e-08,0.8370497795459125,0.8964998753124912,20
Black-Mould (1991),FDewet_a03ws (2024),0.7548237367522277,0.00011985142736151018,0.8825301204819278,2.621686516269335e-07,0.7548237367522277,0.8825301204819278,20
Black-Mould (1991),FDewet_a99SBdisp (2024),0.8662481353368895,7.926538576419035e-07,0.9209635578881888,8.557343526345207e-09,0.8662481353368895,0.9209635578881888,20
Black-Mould (1991),Hassanali_nBranch <nbr> (2023),0.415023045526732,0.06881840156263472,0.4785554402132857,0.03280009195451344,0.415023045526732,0.4785554402132857,20
Black-Mould (1991),Hopp-Woods (1981),0.879125089579341,3.347084300690707e-07,0.8948654949417965,1.0119772820363073e-07,0.879125089579341,0.8948654949417965,20
Black-Mould (1991),Jain (2017),0.8247471023605158,7.692115686192322e-06,0.821670661498283,8.889442620212626e-06,0.8247471023605158,0.821670661498283,20
Black-Mould (1991),Janin (1979),0.7296735397419496,0.00026082389958979375,0.7487753793399339,0.000145668054052558,0.7296735397419496,0.7487753793399339,20
Black-Mould (1991),Kyte-Doolittle (1982),0.8357486571364692,4.478578328136139e-06,0.8119372401634382,1.3807940527430608e-05,0.8357486571364692,0.8119372401634382,20
Black-Mould (1991),Meek (1980),0.7775216932003087,5.4726732285714194e-05,0.8033898874943637,1.9922253218086747e-05,0.7775216932003087,0.8033898874943637,20
Black-Mould (1991),PARCH (2023),0.644019342811832,0.002180447106372561,0.7000376860122727,0.0005894824325459908,0.644019342811832,0.7000376860122727,20
Black-Mould (1991),Ponnuswamy average gain in surrounding hydrophobicity,0.6115615515570344,0.004166623885934019,0.5397064740546231,0.014043946135350241,0.6115615515570344,0.5397064740546231,20
Black-Mould (1991),Ponnuswamy surrounding hydrophobicity folded form,0.5642670830631453,0.009551269774136666,0.47063253012048195,0.0362344396615243,0.5642670830631453,0.47063253012048195,20
Black-Mould (1991),Rose (1985),0.7790625514592163,5.1723286340148165e-05,0.7692633294013598,7.352199774250782e-05,0.7790625514592163,0.7692633294013598,20
Black-Mould (1991),Tanford (1962),0.8373272768922119,4.130853617633198e-06,0.8698271837838966,6.294882399641122e-07,0.8373272768922119,0.8698271837838966,20
Black-Mould (1991),Wimley-White (1996),0.7792200542224091,5.142444844052059e-05,0.841550680604001,3.313555474447697e-06,0.7792200542224091,0.841550680604001,20
Cornette (1987),Eisenberg (1984),0.6444949685167838,0.0021586869924187535,0.7720092478912439,6.673664566063695e-05,0.6444949685167838,0.7720092478912439,20
Cornette (1987),Engelman GES (1986),0.6176456332045445,0.003709893071742052,0.7389016388198846,0.00019805482673453502,0.6176456332045445,0.7389016388198846,20
Cornette (1987),FDewet_C36m (2024),0.6916669330431566,0.0007296249283293109,0.7282650120611547,0.0002717578617951782,0.6916669330431566,0.7282650120611547,20
Cornette (1987),FDewet_a03ws (2024),0.6722754734652405,0.001165846172285788,0.8637048192771084,9.300302351787573e-07,0.6722754734652405,0.8637048192771084,20
Cornette (1987),FDewet_a99SBdisp (2024),0.6751112438163783,0.0010909122651571578,0.7489650511636681,0.00014479146265488,0.6751112438163783,0.7489650511636681,20
Cornette (1987),Hassanali_nBranch <nbr> (2023),0.3960473867018414,0.08387428502072246,0.45447717907047885,0.04409954390605124,0.3960473867018414,0.45447717907047885,20
Cornette (1987),Hopp-Woods (1981),0.6772067494757275,0.0010381846605188746,0.7643800360428448,8.706220911673363e-05,0.6772067494757275,0.7643800360428448,20
Cornette (1987),Jain (2017),0.8206612932581493,9.316041696485068e-06,0.8179084331947195,1.0571139636913488e-05,0.8206612932581493,0.8179084331947195,20
Cornette (1987),Janin (1979),0.6991707453429699,0.0006028445496755482,0.7759349900766971,5.79754915069505e-05,0.6991707453429699,0.7759349900766971,20
Cornette (1987),Kyte-Doolittle (1982),0.8070173296599539,1.7089076964696855e-05,0.751514003686159,0.00013344260605030226,0.8070173296599539,0.751514003686159,20
Cornette (1987),Meek (1980),0.5238285112160158,0.01775961750578479,0.5653484393478857,0.009384292958702198,0.5238285112160158,0.5653484393478857,20
Cornette (1987),PARCH (2023),0.6134888267928287,0.004017171144494113,0.5630410635883656,0.009743499824670637,0.6134888267928287,0.5630410635883656,20
Cornette (1987),Ponnuswamy average gain in surrounding hydrophobicity,0.7874793653863158,3.769850602694172e-05,0.7357922990075232,0.00021757410370585112,0.7874793653863158,0.7357922990075232,20
Cornette (1987),Ponnuswamy surrounding hydrophobicity folded form,0.7624219118547839,9.306494687485771e-05,0.7051957831325301,0.0005150611997727191,0.7624219118547839,0.7051957831325301,20
Cornette (1987),Rose (1985),0.884552058646612,2.2596424966477774e-07,0.8821792525682751,2.6894362636952707e-07,0.884552058646612,0.8821792525682751,20
Cornette (1987),Tanford (1962),0.6376960529522125,0.002487605558666477,0.7366443018377463,0.0002120687192388751,0.6376960529522125,0.7366443018377463,20
Cornette (1987),Wimley-White (1996),0.6118449921744031,0.004144360026762192,0.7933760441472425,2.9952486940214012e-05,0.6118449921744031,0.7933760441472425,20
Eisenberg (1984),Engelman GES (1986),0.935452500886448,1.4593470193768494e-09,0.9428571428571428,5.009327938313892e-10,0.935452500886448,0.9428571428571428,20
Eisenberg (1984),FDewet_C36m (2024),0.6553139088251249,0.0017105228897387628,0.832643909955201,5.237468767052581e-06,0.6553139088251249,0.832643909955201,20
Eisenberg (1984),FDewet_a03ws (2024),0.5548075238875584,0.01111751780039543,0.8577880532124933,1.332844493275548e-06,0.5548075238875584,0.8577880532124933,20
Eisenberg (1984),FDewet_a99SBdisp (2024),0.7070018531035009,0.0004909648886922966,0.9040993493822508,4.5806155344843325e-08,0.7070018531035009,0.9040993493822508,20
Eisenberg (1984),Hassanali_nBranch <nbr> (2023),0.08734718841228896,0.7142328098592117,0.24962406015037594,0.28851258969719185,0.08734718841228896,0.24962406015037594,20
Eisenberg (1984),Hopp-Woods (1981),0.8460399789413194,2.6028979733608803e-06,0.8707604877604493,5.921134531221458e-07,0.8460399789413194,0.8707604877604493,20
Eisenberg (1984),Jain (2017),0.7641954200085987,8.761356276927408e-05,0.831578947368421,5.522372803574232e-06,0.7641954200085987,0.831578947368421,20
Eisenberg (1984),Janin (1979),0.9000526884225973,6.544470249033226e-08,0.8993623465780181,6.944686821880376e-08,0.9000526884225973,0.8993623465780181,20
Eisenberg (1984),Kyte-Doolittle (1982),0.8785924645717552,3.4751623211481555e-07,0.932836830474556,2.06642456303203e-09,0.8785924645717552,0.932836830474556,20
Eisenberg (1984),Meek (1980),0.5756278024042963,0.007912477547528128,0.6729398342934924,0.0011479130943200938,0.5756278024042963,0.6729398342934924,20
Eisenberg (1984),PARCH (2023),0.7134253611364397,0.00041286222485572974,0.7852576711772629,4.103586939155751e-05,0.7134253611364397,0.7852576711772629,20
Eisenberg (1984),Ponnuswamy average gain in surrounding hydrophobicity,0.6117602459024964,0.0041510063862781645,0.6498684175260107,0.0019251948031943568,0.6117602459024964,0.6498684175260107,20
Eisenberg (1984),Ponnuswamy surrounding hydrophobicity folded form,0.5549917202174924,0.011085150151610004,0.5703538108202367,0.008642043067346058,0.5549917202174924,0.5703538108202367,20
Eisenberg (1984),Rose (1985),0.8063927543789079,1.7550397409712326e-05,0.8634023738372913,9.476755980653575e-07,0.8063927543789079,0.8634023738372913,20
Eisenberg (1984),Tanford (1962),0.9718878813662725,9.405348120319709e-13,0.9654135338345864,5.932418372864708e-12,0.9718878813662725,0.9654135338345864,20
Eisenberg (1984),Wimley-White (1996),0.5853915097499626,0.0066946948728843205,0.8025574091438118,2.0627017414393848e-05,0.5853915097499626,0.8025574091438118,20
Engelman GES (1986),FDewet_C36m (2024),0.7465623628613137,0.00015623685896613184,0.82136147215093,9.018276926058574e-06,0.7465623628613137,0.82136147215093,20
Engelman GES (1986),FDewet_a03ws (2024),0.6856659551187653,0.0008466175811847554,0.7930777263911999,3.0308333451929268e-05,0.6856659551187653,0.7930777263911999,20
Engelman GES (1986),FDewet_a99SBdisp (2024),0.8303166229182851,5.877462593041263e-06,0.8988342117402578,7.26522881167488e-08,0.8303166229182851,0.8988342117402578,20
Engelman GES (1986),Hassanali_nBranch <nbr> (2023),0.06814523465169328,0.7752890880441958,0.19999999999999998,0.39787297935196153,0.06814523465169328,0.19999999999999998,20
Engelman GES (1986),Hopp-Woods (1981),0.8817042341895187,2.783601889547649e-07,0.822384905107091,8.597925294181617e-06,0.8817042341895187,0.822384905107091,20
Engelman GES (1986),Jain (2017),0.7216952663276844,0.00032807796638829195,0.8285714285714285,6.401019922542658e-06,0.7216952663276844,0.8285714285714285,20
Engelman GES (1986),Janin (1979),0.8898893107157768,1.5058586498023958e-07,0.9182090009488902,1.1528858975269928e-08,0.8898893107157768,0.9182090009488902,20
Engelman GES (1986),Kyte-Doolittle (1982),0.8495286288130797,2.1463082408865635e-06,0.9441576657958491,4.0914413829808833e-10,0.8495286288130797,0.9441576657958491,20
Engelman GES (1986),Meek (1980),0.5989584627949943,0.005261566080718402,0.6255178996620718,0.0031812494149428923,0.5989584627949943,0.6255178996620718,20
Engelman GES (1986),PARCH (2023),0.7485917572896049,0.0001465210159983928,0.798796596542388,2.4086800557613063e-05,0.7485917572896049,0.798796596542388,20
Engelman GES (1986),Ponnuswamy average gain in surrounding hydrophobicity,0.6201094412396944,0.003537148401033899,0.6408424672825938,0.00233054285169738,0.6201094412396944,0.6408424672825938,20
Engelman GES (1986),Ponnuswamy surrounding hydrophobicity folded form,0.5681074121304608,0.008969006782570486,0.5635817998738223,0.00965833262896026,0.5681074121304608,0.5635817998738223,20
Engelman GES (1986),Rose (1985),0.7875689914164534,3.756894530219691e-05,0.87094959738482,5.847817689536902e-07,0.7875689914164534,0.87094959738482,20
Engelman GES (1986),Tanford (1962),0.8682213597218997,6.98642711338524e-07,0.8947368421052632,1.0226817406907919e-07,0.8682213597218997,0.8947368421052632,20
Engelman GES (1986),Wimley-White (1996),0.6540799444580697,0.0017573188884912683,0.7852576711772629,4.103586939155751e-05,0.6540799444580697,0.7852576711772629,20
FDewet_C36m (2024),FDewet_a03ws (2024),0.9266460606932796,4.4655918123508064e-09,0.9032744335642229,4.932394974106591e-08,0.9266460606932796,0.9032744335642229,20
FDewet_C36m (2024),FDewet_a99SBdisp (2024),0.9642157528169749,8.024212567442668e-12,0.9247554552294956,5.575617123717028e-09,0.9642157528169749,0.9247554552294956,20
FDewet_C36m (2024),Hassanali_nBranch <nbr> (2023),0.48408447002670096,0.030558167983743535,0.5272659267195988,0.016895148749004243,0.48408447002670096,0.5272659267195988,20
FDewet_C36m (2024),Hopp-Woods (1981),0.8006657655835618,2.2309213625430614e-05,0.8612580396359162,1.0813993054950228e-06,0.8006657655835618,0.8612580396359162,20
FDewet_C36m (2024),Jain (2017),0.8218063034694103,8.833429322081686e-06,0.8807823112534241,2.9746400389548845e-07,0.8218063034694103,0.8807823112534241,20
FDewet_C36m (2024),Janin (1979),0.5780710427486828,0.0075919904774201085,0.730016951309399,0.00025821581009798783,0.5780710427486828,0.730016951309399,20
FDewet_C36m (2024),Kyte-Doolittle (1982),0.7078564781765123,0.00047990072765264285,0.7519862200797442,0.00013142618662301424,0.7078564781765123,0.7519862200797442,20
FDewet_C36m (2024),Meek (1980),0.8039720495796665,1.944188390050356e-05,0.7409640654950856,0.00018595126197322765,0.8039720495796665,0.7409640654950856,20
FDewet_C36m (2024),PARCH (2023),0.5940075335555619,0.005751928864197832,0.7441685477802857,0.00016840234072880095,0.5940075335555619,0.7441685477802857,20
FDewet_C36m (2024),Ponnuswamy average gain in surrounding hydrophobicity,0.570652003541686,0.008599381522156333,0.5703536493604213,0.008642066213576821,0.570652003541686,0.5703536493604213,20
FDewet_C36m (2024),Ponnuswamy surrounding hydrophobicity folded form,0.5336630582774395,0.015376209855522273,0.5344373731921652,0.015200054518902027,0.5336630582774395,0.5344373731921652,20
FDewet_C36m (2024),Rose (1985),0.6800142769551817,0.0009709225154459558,0.761046295020464,9.749171677074675e-05,0.6800142769551817,0.761046295020464,20
FDewet_C36m (2024),Tanford (1962),0.6022958558059159,0.004950867425380272,0.7995487590626728,2.3357284005836054e-05,0.6022958558059159,0.7995487590626728,20
FDewet_C36m (2024),Wimley-White (1996),0.7594943748435434,0.00010270193772641192,0.691497366440933,0.000732731982600761,0.7594943748435434,0.691497366440933,20
FDewet_a03ws (2024),FDewet_a99SBdisp (2024),0.9479209280483667,2.2140760438787737e-10,0.8949944179232174,1.001349177791152e-07,0.9479209280483667,0.8949944179232174,20
FDewet_a03ws (2024),Hassanali_nBranch <nbr> (2023),0.4376175465004878,0.053647078613513886,0.587660061016629,0.006434993008205026,0.4376175465004878,0.587660061016629,20
FDewet_a03ws (2024),Hopp-Woods (1981),0.7615942327885704,9.570722888646322e-05,0.891083307727334,1.3712753113646328e-07,0.7615942327885704,0.891083307727334,20
FDewet_a03ws (2024),Jain (2017),0.6861979520209054,0.0008356434847543422,0.824680444141134,7.716490522201988e-06,0.6861979520209054,0.824680444141134,20
FDewet_a03ws (2024),Janin (1979),0.5230743802147529,0.01795392139459704,0.7457576448136267,0.00016023954020809617,0.5230743802147529,0.7457576448136267,20
FDewet_a03ws (2024),Kyte-Doolittle (1982),0.6155501308867871,0.003862264434544206,0.7522692941421251,0.00013023000296167185,0.6155501308867871,0.7522692941421251,20
FDewet_a03ws (2024),Meek (1980),0.8227659118936007,8.445843058658252e-06,0.8090396054092328,1.5666711818890783e-05,0.8227659118936007,0.8090396054092328,20
FDewet_a03ws (2024),PARCH (2023),0.5181839632653688,0.019255566927775268,0.6563794217233353,0.0016709599489383726,0.5181839632653688,0.6563794217233353,20
FDewet_a03ws (2024),Ponnuswamy average gain in surrounding hydrophobicity,0.5257976454668855,0.017260183326755267,0.6202484443807663,0.0035276048852597003,0.5257976454668855,0.6202484443807663,20
FDewet_a03ws (2024),Ponnuswamy surrounding hydrophobicity folded form,0.5069588187100322,0.022528612027514792,0.5877259036144579,0.006427580716140674,0.5069588187100322,0.5877259036144579,20
FDewet_a03ws (2024),Rose (1985),0.6416518018870389,0.0022915097242408675,0.8421488584020778,3.210045583182512e-06,0.6416518018870389,0.8421488584020778,20
FDewet_a03ws (2024),Tanford (1962),0.4912377356402872,0.02783792281495298,0.8359671290518247,4.428985701124091e-06,0.4912377356402872,0.8359671290518247,20
FDewet_a03ws (2024),Wimley-White (1996),0.8249544839521469,7.616710164660742e-06,0.8280015641005377,6.580541887148543e-06,0.8249544839521469,0.8280015641005377,20
FDewet_a99SBdisp (2024),Hassanali_nBranch <nbr> (2023),0.39308210203774985,0.08643092636821771,0.388115860466923,0.0908408274993556,0.39308210203774985,0.388115860466923,20
FDewet_a99SBdisp (2024),Hopp-Woods (1981),0.8331520571699774,5.106096269832949e-06,0.8502938240303668,2.0560817250260753e-06,0.8331520571699774,0.8502938240303668,20
FDewet_a99SBdisp (2024),Jain (2017),0.7509027618494373,0.00013609204202350255,0.8228657971914994,8.406361834857069e-06,0.7509027618494373,0.8228657971914994,20
FDewet_a99SBdisp (2024),Janin (1979),0.6369694190967446,0.0025251052576506974,0.8144817225352797,1.2336593220673493e-05,0.6369694190967446,0.8144817225352797,20
FDewet_a99SBdisp (2024),Kyte-Doolittle (1982),0.7338895557795908,0.0002303118353903677,0.859952113123322,1.1706783965634415e-06,0.7338895557795908,0.859952113123322,20
FDewet_a99SBdisp (2024),Meek (1980),0.7991222253148758,2.376859099640336e-05,0.7793676908408675,5.114568324555181e-05,0.7991222253148758,0.7793676908408675,20
FDewet_a99SBdisp (2024),PARCH (2023),0.6480067029415165,0.002003571179319776,0.7689992475545522,7.42047893582308e-05,0.6480067029415165,0.7689992475545522,20
FDewet_a99SBdisp (2024),Ponnuswamy average gain in surrounding hydrophobicity,0.6031627792091381,0.004872685882920385,0.6693002257336342,0.0012490793897003399,0.6031627792091381,0.6693002257336342,20
FDewet_a99SBdisp (2024),Ponnuswamy surrounding hydrophobicity folded form,0.5606031361710804,0.010135095872289997,0.6003011339728898,0.005134692074296351,0.5606031361710804,0.6003011339728898,20
FDewet_a99SBdisp (2024),Rose (1985),0.6963654120262387,0.0006478573590375705,0.8195592790126128,9.80199757013039e-06,0.6963654120262387,0.8195592790126128,20
FDewet_a99SBdisp (2024),Tanford (1962),0.6312542276247922,0.00283681659029265,0.872508523530292,5.27307947817533e-07,0.6312542276247922,0.872508523530292,20
FDewet_a99SBdisp (2024),Wimley-White (1996),0.7770611631680352,5.565307840854337e-05,0.765989465763732,8.238070685165348e-05,0.7770611631680352,0.765989465763732,20
Hassanali_nBranch <nbr> (2023),Hopp-Woods (1981),0.41709737350365317,0.06730474905302082,0.5155023026498493,0.020000630992850457,0.41709737350365317,0.5155023026498493,20
Hassanali_nBranch <nbr> (2023),Jain (2017),0.461983151111132,0.040296443066031806,0.44060150375939844,0.05185183693270709,0.461983151111132,0.44060150375939844,20
Hassanali_nBranch <nbr> (2023),Janin (1979),-0.06691352912174639,0.7792534560455919,0.024123717594716328,0.9195885112683828,0.06691352912174639,0.024123717594716328,20
Hassanali_nBranch <nbr> (2023),Kyte-Doolittle (1982),0.05952911311449724,0.8031279475042024,0.024905837706844937,0.9169899546163123,0.05952911311449724,0.024905837706844937,20
Hassanali_nBranch <nbr> (2023),Meek (1980),0.6076790704747168,0.004481683477106443,0.6872416875950318,0.0008144622229141111,0.6076790704747168,0.6872416875950318,20
Hassanali_nBranch <nbr> (2023),PARCH (2023),0.08947474964310027,0.7075622169751765,0.06393381422420244,0.788865522640364,0.08947474964310027,0.06393381422420244,20
Hassanali_nBranch <nbr> (2023),Ponnuswamy average gain in surrounding hydrophobicity,0.15774817847875394,0.5065464585334658,0.1158330281238491,0.6267484770786789,0.15774817847875394,0.1158330281238491,20
Hassanali_nBranch <nbr> (2023),Ponnuswamy surrounding hydrophobicity folded form,0.17534107119668996,0.4596544207082452,0.1467269038389791,0.5370454117358413,0.17534107119668996,0.1467269038389791,20
Hassanali_nBranch <nbr> (2023),Rose (1985),0.3046851569055471,0.19149307564556273,0.29132282893461053,0.21269306773420635,0.3046851569055471,0.29132282893461053,20
Hassanali_nBranch <nbr> (2023),Tanford (1962),0.03918740571774125,0.869708021874525,0.18045112781954886,0.4464646102705483,0.03918740571774125,0.18045112781954886,20
Hassanali_nBranch <nbr> (2023),Wimley-White (1996),0.5938055087358096,0.005772709713389813,0.4753667128199522,0.03415030191357499,0.5938055087358096,0.4753667128199522,20
Hopp-Woods (1981),Jain (2017),0.8287802954392485,6.336296631744858e-06,0.8783191725500364,3.542531327553173e-07,0.8287802954392485,0.8783191725500364,20
Hopp-Woods (1981),Janin (1979),0.7807141901087993,4.866280028166496e-05,0.7608969549232705,9.798300774407785e-05,0.7807141901087993,0.7608969549232705,20
Hopp-Woods (1981),Kyte-Doolittle (1982),0.696732125945786,0.0006418162333549687,0.748862774175252,0.00014526358465632476,0.696732125945786,0.748862774175252,20
Hopp-Woods (1981),Meek (1980),0.7264832841486176,0.00028614734768192627,0.7283453168268051,0.00027112413305436725,0.7264832841486176,0.7283453168268051,20
Hopp-Woods (1981),PARCH (2023),0.6945096816894828,0.0006791722614099566,0.6253383659165082,0.0031925660465083115,0.6945096816894828,0.6253383659165082,20
Hopp-Woods (1981),Ponnuswamy average gain in surrounding hydrophobicity,0.6034695890687746,0.004845262159548573,0.6574748599327737,0.0016310887313697236,0.6034695890687746,0.6574748599327737,20
Hopp-Woods (1981),Ponnuswamy surrounding hydrophobicity folded form,0.5795515059015364,0.007403014513354797,0.6380549830798016,0.002469254200190087,0.5795515059015364,0.6380549830798016,20
Hopp-Woods (1981),Rose (1985),0.8254791054496171,7.42881565870531e-06,0.8683621530330051,6.923245343981312e-07,0.8254791054496171,0.8683621530330051,20
Hopp-Woods (1981),Tanford (1962),0.7751178089666538,5.9712551718439686e-05,0.8291877214177196,6.2116806118328115e-06,0.7751178089666538,0.8291877214177196,20
Hopp-Woods (1981),Wimley-White (1996),0.8544415737034536,1.6222836112630282e-06,0.8960410684535213,9.186308765871654e-08,0.8544415737034536,0.8960410684535213,20
Jain (2017),Janin (1979),0.7185726411492817,0.0003581560258961678,0.7923133497514643,3.123684382910157e-05,0.7185726411492817,0.7923133497514643,20
Jain (2017),Kyte-Doolittle (1982),0.7984491137904927,2.4430426043434555e-05,0.7773640253954632,5.504236962880724e-05,0.7984491137904927,0.7773640253954632,20
Jain (2017),Meek (1980),0.7011519122043302,0.0005726784889358697,0.6375615656002103,0.0024945108517996748,0.7011519122043302,0.6375615656002103,20
Jain (2017),PARCH (2023),0.6684469190659482,0.0012738533175360982,0.6882287060605321,0.0007948513127898067,0.6684469190659482,0.6882287060605321,20
Jain (2017),Ponnuswamy average gain in surrounding hydrophobicity,0.680917472339647,0.0009500819417545377,0.6325686795594617,0.0027624307417920507,0.680917472339647,0.6325686795594617,20
Jain (2017),Ponnuswamy surrounding hydrophobicity folded form,0.59825386415398,0.005329172561102061,0.5951845176237562,0.0056320806170892836,0.59825386415398,0.5951845176237562,20
Jain (2017),Rose (1985),0.838274296920577,3.9337421214724664e-06,0.840760703194705,3.45470515337762e-06,0.838274296920577,0.840760703194705,20
Jain (2017),Tanford (1962),0.7482899618081797,0.00014793221958960798,0.7744360902255639,6.119579516446196e-05,0.7482899618081797,0.7744360902255639,20
Jain (2017),Wimley-White (1996),0.7090017438003409,0.0004654065778296031,0.7965401089815338,2.639494404772647e-05,0.7090017438003409,0.7965401089815338,20
Janin (1979),Kyte-Doolittle (1982),0.8659227175920823,8.091760894916664e-07,0.9527058729049213,9.465154622209318e-11,0.8659227175920823,0.9527058729049213,20
Janin (1979),Meek (1980),0.391578044662909,0.0877494645751137,0.44377409045137006,0.04999382560119993,0.391578044662909,0.44377409045137006,20
Janin (1979),PARCH (2023),0.8047481082142321,1.8817143250905346e-05,0.7714951871792511,6.796420382119305e-05,0.8047481082142321,0.7714951871792511,20
Janin (1979),Ponnuswamy average gain in surrounding hydrophobicity,0.7296208271533176,0.0002612262174262175,0.7530185184735896,0.00012710898475865078,0.7296208271533176,0.7530185184735896,20
Janin (1979),Ponnuswamy surrounding hydrophobicity folded form,0.665345390059668,0.0013674111481695012,0.6593749939980877,0.0015638211828386752,0.665345390059668,0.6593749939980877,20
Janin (1979),Rose (1985),0.8916337624622114,1.3128706317219809e-07,0.9318961735364659,2.3338299501005144e-09,0.8916337624622114,0.9318961735364659,20
Janin (1979),Tanford (1962),0.8792895175131609,3.308389938802068e-07,0.8827772907316506,2.574862766189628e-07,0.8792895175131609,0.8827772907316506,20
Janin (1979),Wimley-White (1996),0.5104937984344926,0.021453570570690226,0.7500019195012368,0.00014007894653344754,0.5104937984344926,0.7500019195012368,20
Kyte-Doolittle (1982),Meek (1980),0.5214278205492364,0.018384069025006083,0.5134132043968059,0.020596823941173063,0.5214278205492364,0.5134132043968059,20
Kyte-Doolittle (1982),PARCH (2023),0.7390733527813367,0.00019702202817413784,0.8033266447438232,1.9975051531053277e-05,0.7390733527813367,0.8033266447438232,20
Kyte-Doolittle (1982),Ponnuswamy average gain in surrounding hydrophobicity,0.7469395360748847,0.0001543904817170635,0.711593385969035,0.0004339750723319415,0.7469395360748847,0.711593385969035,20
Kyte-Doolittle (1982),Ponnuswamy surrounding hydrophobicity folded form,0.6706638333667512,0.0012103320207355606,0.6080088170526211,0.004454182333194953,0.6706638333667512,0.6080088170526211,20
Kyte-Doolittle (1982),Rose (1985),0.840974629946379,3.4159738489143267e-06,0.8636363636363639,9.339987372671554e-07,0.840974629946379,0.8636363636363639,20
Kyte-Doolittle (1982),Tanford (1962),0.8791955230648318,3.3304611025843796e-07,0.9192518280890042,1.0311420909226094e-08,0.8791955230648318,0.9192518280890042,20
Kyte-Doolittle (1982),Wimley-White (1996),0.49977603934540527,0.02484450128970545,0.7270710139927646,0.0002813305890468808,0.49977603934540527,0.7270710139927646,20
Meek (1980),PARCH (2023),0.41003850294053157,0.07255996735203922,0.4800453168222735,0.03218371054498639,0.41003850294053157,0.4800453168222735,20
Meek (1980),Ponnuswamy average gain in surrounding hydrophobicity,0.2705534572565286,0.2486144649868159,0.310241051812983,0.18311228521182235,0.2705534572565286,0.310241051812983,20
Meek (1980),Ponnuswamy surrounding hydrophobicity folded form,0.1944016963035493,0.4114808842510803,0.26403015055487533,0.2606503426637937,0.1944016963035493,0.26403015055487533,20
Meek (1980),Rose (1985),0.515299660414665,0.020057852372606367,0.5357026665450115,0.014915695049187985,0.515299660414665,0.5357026665450115,20
Meek (1980),Tanford (1962),0.517083229060531,0.01955866547161817,0.6194960666930025,0.00357951693661122,0.517083229060531,0.6194960666930025,20
Meek (1980),Wimley-White (1996),0.837247912312288,4.1477563501160755e-06,0.7236447834763997,0.0003104135692798642,0.837247912312288,0.7236447834763997,20
PARCH (2023),Ponnuswamy average gain in surrounding hydrophobicity,0.6149123802031863,0.003909653251264003,0.512415349887133,0.02088654101908861,0.6149123802031863,0.512415349887133,20
PARCH (2023),Ponnuswamy surrounding hydrophobicity folded form,0.5181817747514504,0.019256165818299278,0.43093717767959794,0.057837690900873165,0.5181817747514504,0.43093717767959794,20
PARCH (2023),Rose (1985),0.7226762174744883,0.0003190854883824736,0.6972482673128954,0.0006333944096946316,0.7226762174744883,0.6972482673128954,20
PARCH (2023),Tanford (1962),0.6625395284683779,0.0014569621159270646,0.7341106197979009,0.0002287999776212101,0.6625395284683779,0.7341106197979009,20
PARCH (2023),Wimley-White (1996),0.37565536989630943,0.10263000227549701,0.47667419112114356,0.033591525968626926,0.37565536989630943,0.47667419112114356,20
Ponnuswamy average gain in surrounding hydrophobicity,Ponnuswamy surrounding hydrophobicity folded form,0.9567573954147348,4.290675854865094e-11,0.9665036439137186,4.464605073396627e-12,0.9567573954147348,0.9665036439137186,20
Ponnuswamy average gain in surrounding hydrophobicity,Rose (1985),0.8199597564911556,9.622912130819143e-06,0.7886040229651534,3.610037014949386e-05,0.8199597564911556,0.7886040229651534,20
Ponnuswamy average gain in surrounding hydrophobicity,Tanford (1962),0.621226870423056,0.003461031810318232,0.662655180370851,0.001453176078201377,0.621226870423056,0.662655180370851,20
Ponnuswamy average gain in surrounding hydrophobicity,Wimley-White (1996),0.431834273084532,0.05726094791735589,0.6425884123401052,0.0022470211905863103,0.431834273084532,0.6425884123401052,20
Ponnuswamy surrounding hydrophobicity folded form,Rose (1985),0.7807129450488964,4.866504718517433e-05,0.7205470949915534,0.000338876911830206,0.7807129450488964,0.7205470949915534,20
Ponnuswamy surrounding hydrophobicity folded form,Tanford (1962),0.5857370210209911,0.006654595420147739,0.595936963284469,0.00555654399371751,0.5857370210209911,0.595936963284469,20
Ponnuswamy surrounding hydrophobicity folded form,Wimley-White (1996),0.4274735486714921,0.0601059062096009,0.5999247696255714,0.005169999030957412,0.4274735486714921,0.5999247696255714,20
Rose (1985),Tanford (1962),0.7824475921941938,4.562007206436765e-05,0.8226473666806359,8.492908907866364e-06,0.7824475921941938,0.8226473666806359,20
Rose (1985),Wimley-White (1996),0.6859125356505943,0.0008415160411464676,0.859952113123322,1.1706783965634415e-06,0.6859125356505943,0.859952113123322,20
Tanford (1962),Wimley-White (1996),0.5110878124742713,0.02127699267208625,0.7551711703658734,0.00011849624572046553,0.5110878124742713,0.7551711703658734,20
