atom_type1,atom_type2,alpha,epsilon,sigma
CYS,CYS,0.003965082147917746,5.40611758561436,0.548
CYS,MET,0.004776575353610881,3.098089617487752,0.583
CYS,PHE,0.0009592157470367802,0.517673363317123,0.592
CYS,ILE,0.0009676865061809096,-0.6276420438998691,0.583
CYS,LEU,0.005990481289060703,3.8854297297673286,0.583
CYS,VAL,0.002886523513021234,2.6144382743937897,0.567
CYS,TRP,0.0014415107609276861,0.5120262123421895,0.613
CYS,TYR,0.012553366119768438,6.124465910977312,0.597
CYS,ALA,0.0006171252419223946,1.3757653928098448,0.526
CYS,GLY,7.677235972568968e-05,0.3221056494958697,0.499
CYS,THR,0.004327172706624836,5.066271172118371,0.555
CYS,SER,0.0005071484293131642,0.9647362033319099,0.533
CYS,ASN,0.003941497172394348,4.325644576690009,0.558
CYS,GLN,0.0019721240884841605,-1.5098023657187365,0.575
CYS,ASP,0.0011941804241959806,1.4600521629528895,0.553
CYS,GLU,0.0036214341610651363,3.0788060118321026,0.57
CYS,HIS,0.0028372299460038453,2.040612177397786,0.578
CYS,ARG,0.0006693540574655524,0.2954595317604783,0.602
CYS,LYS,0.005255729982959937,2.8364332272176425,0.592
CYS,PRO,0.0011649674789297546,1.455609458910755,0.552
MET,MET,0.000946505916768452,-0.30497316866549445,0.618
MET,PHE,0.005647679334121275,1.5298876550974039,0.627
MET,ILE,0.011510969885589634,3.7089434922995346,0.618
MET,LEU,0.0184842466753064,5.955799302564611,0.618
MET,VAL,0.01140563508747726,5.034560655591965,0.602
MET,TRP,0.02600801349630116,4.744682012355242,0.648
MET,TYR,6.800017287045096e-05,-0.016745768281245774,0.632
MET,ALA,0.001175205066104995,1.209370358437741,0.561
MET,GLY,0.0011941571891699609,-2.2210913113965813,0.534
MET,THR,0.0052584241252500025,2.9555034597864207,0.59
MET,SER,0.0003948743290698445,-0.35016994863961803,0.568
MET,ASN,0.0023021610175490213,-1.2175291710607035,0.593
MET,GLN,0.017874196176310482,6.733928488449976,0.61
MET,ASP,0.0025743303680929525,-1.507080209867784,0.588
MET,GLU,0.01113070472262987,4.628690751767411,0.605
MET,HIS,0.0016754452723360194,-0.5951200088362543,0.613
MET,ARG,0.0024599418110357314,-0.5511269470484691,0.637
MET,LYS,0.0013499679565569815,-0.3656899036451643,0.627
MET,PRO,0.003290166586453728,-1.9658966045216943,0.587
PHE,PHE,0.01175650693490631,2.68406430569684,0.636
PHE,ILE,0.0083647992165802,2.2659223907239783,0.627
PHE,LEU,0.02104949208100489,5.702051440179806,0.627
PHE,VAL,0.006235654271877536,2.303496227612819,0.611
PHE,TRP,0.04775196905181913,7.3825576953199255,0.657
PHE,TYR,0.03158540312773902,6.564324926450675,0.641
PHE,ALA,0.0021232097022453635,1.805072384287286,0.57
PHE,GLY,0.0001764902939352348,-0.26861042953758824,0.543
PHE,THR,0.007553583722063991,3.5402275588305976,0.599
PHE,SER,0.0015618912785664752,1.1469409052875517,0.577
PHE,ASN,0.00045139715240680005,-0.19925118821736598,0.602
PHE,GLN,0.0012808414978571427,-0.4047693334018072,0.619
PHE,ASP,0.0010545370762871352,-0.5144816389455688,0.597
PHE,GLU,0.0015610467721727523,-0.5437452322340998,0.614
PHE,HIS,0.009481635717349416,2.8274741916374717,0.622
PHE,ARG,0.002283114617976663,-0.4322524850563361,0.646
PHE,LYS,0.00021212927332174688,-0.048430083346082516,0.636
PHE,PRO,0.004501491709925361,2.2407909292494597,0.596
ILE,ILE,0.009756957730198969,3.143784167428514,0.618
ILE,LEU,0.015609793505612217,5.0296232736442725,0.618
ILE,VAL,0.00769989985088539,3.3988123014586415,0.602
ILE,TRP,0.004262766164643362,-0.777663005563126,0.648
ILE,TYR,0.02651662676286143,6.530002331275146,0.632
ILE,ALA,0.0022736257472573767,2.3397240738819884,0.561
ILE,GLY,0.0003239613781267304,0.6025570240761096,0.534
ILE,THR,0.005482197293770953,3.0812754321526845,0.59
ILE,SER,0.0025327015457921073,2.245970185751515,0.568
ILE,ASN,0.00144340170854843,-0.7633626285565198,0.593
ILE,GLN,0.009138825122123894,3.4429629301257503,0.61
ILE,ASP,0.0001611514172754335,-0.09434224712497422,0.588
ILE,GLU,0.006829984262533667,2.840241096903079,0.605
ILE,HIS,0.005610430328332323,1.992831041217496,0.613
ILE,ARG,0.021150183697395013,4.738500771996636,0.637
ILE,LYS,0.0060067926375095134,1.627167082120751,0.627
ILE,PRO,0.0019790241276138264,1.182480190748009,0.587
LEU,LEU,0.00031030494109419114,-0.09998319023842508,0.618
LEU,VAL,0.0014693930600749928,0.6486046968112934,0.602
LEU,TRP,0.03320472716043306,6.057589585059095,0.648
LEU,TYR,0.0026748086902206453,-0.6587001860779297,0.632
LEU,ALA,0.00010782415775754654,-0.11095879695930573,0.561
LEU,GLY,0.0001816382512681422,0.33784090182412324,0.534
LEU,THR,0.0002904754216836905,-0.1632620521510807,0.59
LEU,SER,0.000194493580675838,-0.1724746384917496,0.568
LEU,ASN,0.0005547948516788502,-0.2934108043374134,0.593
LEU,GLN,0.0034850016800761063,1.3129402779445514,0.61
LEU,ASP,0.0006798769700324481,-0.3980177289520978,0.588
LEU,GLU,0.0005044054880503247,-0.2097564418300042,0.605
LEU,HIS,0.0007079096507430797,-0.25145028880477754,0.613
LEU,ARG,0.008338339471438227,1.8681269433818914,0.637
LEU,LYS,0.004328605336879979,1.1725665493562911,0.627
LEU,PRO,0.00031317179153010307,-0.18712224606979305,0.587
VAL,VAL,0.0038161997514977045,2.3273393189188427,0.586
VAL,TRP,0.014558453940451242,3.5851746536651,0.632
VAL,TYR,0.001460165862223923,0.4891405242832159,0.616
VAL,ALA,0.0009061225351536321,1.3195592763232307,0.545
VAL,GLY,0.0001440058559606351,0.38585402595233154,0.518
VAL,THR,0.00017108894387538842,-0.13374551785736594,0.574
VAL,SER,0.00019262146541530444,0.24067764304060416,0.552
VAL,ASN,0.00052139589866207,-0.38287574316539685,0.577
VAL,GLN,0.0027683179771282114,1.4347579280676617,0.594
VAL,ASP,0.0001941247644294312,-0.15824448970281385,0.572
VAL,GLU,0.00048398422976724903,-0.2776180333185067,0.589
VAL,HIS,0.005965476181989984,2.910403087966232,0.597
VAL,ARG,0.010665728125953587,3.242584534574563,0.621
VAL,LYS,0.0017642967071504947,0.6517440884494723,0.611
VAL,PRO,0.0017539113923577196,-1.4600722607142662,0.571
TRP,TRP,0.05556418636301164,5.888960385479457,0.678
TRP,TYR,0.05060357986908268,7.1430775989612,0.662
TRP,ALA,0.007058537833593285,3.88745143282295,0.591
TRP,GLY,0.0023904491123541436,2.3074391401227,0.564
TRP,THR,0.008021286441561106,2.4862440189537653,0.62
TRP,SER,0.009957153904905437,4.761250289613478,0.598
TRP,ASN,0.011553995694882576,3.379680465205823,0.623
TRP,GLN,0.004373846703008946,-0.9261980659220428,0.64
TRP,ASP,0.001623035715627343,-0.5229574757885311,0.618
TRP,GLU,0.010086028856680003,2.3465807457499186,0.635
TRP,HIS,0.001742413397636682,-0.34883457729917866,0.643
TRP,ARG,0.022187284363794427,2.8615025848585294,0.667
TRP,LYS,0.05460407881309118,8.441908684435392,0.657
TRP,PRO,0.0005624988338628449,0.18479901754574712,0.617
TYR,TYR,0.031170570812842215,5.901393030550543,0.646
TYR,ALA,0.004529152786993852,3.467391140565062,0.575
TYR,GLY,0.0004786026750262989,-0.6525419250999648,0.548
TYR,THR,0.0052000251929084475,2.205779947299118,0.604
TYR,SER,0.0023795248444262434,1.5754855627570519,0.582
TYR,ASN,0.002296326721501355,-0.9178450850494626,0.607
TYR,GLN,0.014755882030706298,4.233992635784904,0.624
TYR,ASP,0.0020634793588153247,-0.9108402919995209,0.602
TYR,GLU,0.006210091334556494,1.9625024127170565,0.619
TYR,HIS,0.0010362959223664996,-0.2807199638757396,0.627
TYR,ARG,0.03767570910426919,6.502637918892158,0.651
TYR,LYS,0.0001798111532776252,-0.03736975686967116,0.641
TYR,PRO,0.0019073983545713504,0.8589101592134666,0.601
ALA,ALA,0.00024296198122726544,0.9044235931992074,0.504
ALA,GLY,6.089849538750183e-05,-0.4389206505460687,0.477
ALA,THR,0.00011042949430319409,-0.21006735880895464,0.533
ALA,SER,4.317846357208628e-05,-0.13621231782619742,0.511
ALA,ASN,0.0007944484267250273,1.4128245505863082,0.536
ALA,GLN,2.081699061607189e-05,0.02545167510648938,0.553
ALA,ASP,0.00021921667762231635,-0.43625391606222075,0.531
ALA,GLU,0.0001783341363791277,-0.24314636489961358,0.548
ALA,HIS,1.979540811578311e-05,-0.02268124871346099,0.556
ALA,ARG,3.1175675423754414e-05,0.021511958357976542,0.58
ALA,LYS,0.0002369740725098409,-0.20146637123372294,0.57
ALA,PRO,8.739655579861812e-05,-0.17790325028479415,0.53
GLY,GLY,7.299788250587714e-05,1.0586687584787626,0.45
GLY,THR,0.00024043214513539687,0.8534662055230743,0.506
GLY,SER,0.0001375218403164902,-0.832199279992165,0.484
GLY,ASN,5.0791209063560546e-05,-0.16794812632978398,0.509
GLY,GLN,4.989762452004536e-05,0.11123742853923155,0.526
GLY,ASP,0.0002882128123717989,-1.0728693685104798,0.504
GLY,GLU,1.6211904610588854e-05,0.04053044388678038,0.521
GLY,HIS,4.349531735989764e-06,-0.009056792954985163,0.529
GLY,ARG,0.0020040015413100836,2.450171452877983,0.553
GLY,LYS,0.0003609185560328726,0.5493020958968524,0.543
GLY,PRO,3.3567392224667484e-05,-0.1279681178837954,0.503
THR,THR,0.0007580874126344016,0.7636309091065694,0.562
THR,SER,0.0006296700088324343,1.0242073555521636,0.54
THR,ASN,0.000164964476032068,-0.15588669807699718,0.565
THR,GLN,0.0015312027429806342,1.0138107281673148,0.582
THR,ASP,0.00245849038273943,2.5847121817394703,0.56
THR,GLU,0.0022272889683285116,1.6355612331841032,0.577
THR,HIS,0.0013736560690159776,0.8550817084410287,0.585
THR,ARG,0.001069473791807462,-0.4109250671145358,0.609
THR,LYS,0.0017939597369720649,-0.840796360237548,0.599
THR,PRO,0.0004439850873158281,-0.47689930390762947,0.559
SER,SER,0.0001257338317435174,0.33689536340738185,0.518
SER,ASN,0.00020418175609524794,-0.31075561145934616,0.543
SER,GLN,0.0005977789860121529,-0.6284696649542437,0.56
SER,ASP,0.0001513396024529983,-0.2573743606633343,0.538
SER,GLU,0.00016669007573113885,-0.19516140968027101,0.555
SER,HIS,0.00044384757513404833,0.4376562283257973,0.563
SER,ARG,0.002840682831122308,-1.6973270457547263,0.587
SER,LYS,0.00038938916604489677,0.28593946886149463,0.577
SER,PRO,0.0003011167330325061,-0.5236528378916168,0.537
ASN,ASN,0.0004832542018271362,-0.42854418881141404,0.568
ASN,GLN,0.0006428747562807914,0.40018055269684477,0.585
ASN,ASP,0.0011208909854311666,1.1052553816477042,0.563
ASN,GLU,0.002436766391150135,-1.6814268310798866,0.58
ASN,HIS,0.0008668399993080711,-0.5074707676492852,0.588
ASN,ARG,0.007288163451206344,-2.63998244048589,0.612
ASN,LYS,0.002460586964989922,1.0861275350814963,0.602
ASN,PRO,0.002187527918923969,-2.2035241656617734,0.562
GLN,GLN,0.0016303269190907738,-0.719642501242107,0.602
GLN,ASP,0.000552167095999441,-0.3810084437411797,0.58
GLN,GLU,0.0037713610884117592,-1.8399505123642625,0.597
GLN,HIS,0.00047442573927299113,-0.19728939779605126,0.605
GLN,ARG,0.006070436390237647,1.5827494355890541,0.629
GLN,LYS,0.007574334626636656,2.3936282380881235,0.619
GLN,PRO,0.0020311455417942577,-1.4308637431595193,0.579
ASP,ASP,0.0008756675364268461,0.9610121139899969,0.558
ASP,GLU,0.002270999102384544,1.7386126143617917,0.575
ASP,HIS,0.0006099764780987194,0.3956311067679087,0.583
ASP,ARG,0.0014152208684552593,-0.5656658114929859,0.607
ASP,LYS,0.00203477729036919,-0.9927157411327665,0.597
ASP,PRO,0.000715409823055019,-0.8022182854971877,0.557
GLU,GLU,0.0032658119071144755,-1.7625063382661845,0.592
GLU,HIS,0.005244350316445164,-2.409221275693578,0.6
GLU,ARG,0.0032043169945170443,-0.919433655627849,0.624
GLU,LYS,0.0027448136350667366,-0.9560759831439067,0.614
GLU,PRO,0.0009785863419561485,-0.764991203454954,0.574
HIS,HIS,0.00017351783747115854,-0.0679987885070026,0.608
HIS,ARG,0.008143262511100334,2.0053652999387945,0.632
HIS,LYS,0.014357505278946338,4.281484423435323,0.622
HIS,PRO,0.003525279699186647,2.3340908937171805,0.582
ARG,ARG,0.03649008804610793,5.745513358805941,0.656
ARG,LYS,0.009247745104508872,-1.7508366733397112,0.646
ARG,PRO,0.002651537878781614,-1.0810016221511425,0.606
LYS,LYS,0.00016107717811362886,0.03677465650562378,0.636
LYS,PRO,0.0008065279823486993,-0.4014803766155996,0.596
PRO,PRO,0.0010448085325248998,-1.1971242040344245,0.556
