atom_type1,atom_type2,epsilon,sigma,mu,nu
MET,MET,0.165536,0.646795,2,1
MET,GLY,0.284583,0.557618,2,1
MET,LYS,0.136758,0.656778,2,1
MET,THR,0.147114,0.617823,2,1
MET,ARG,0.717619,0.664396,2,1
MET,ALA,0.18628,0.58685,2,1
MET,ASP,0.306152,0.614146,2,1
MET,GLU,0.324582,0.631818,2,1
MET,TYR,0.959705,0.659004,2,1
MET,VAL,0.094437,0.632057,2,1
MET,LEU,0.105776,0.648344,2,1
MET,GLN,0.502105,0.636519,2,1
MET,TRP,1.233991,0.675573,2,1
MET,PHE,0.902083,0.653821,2,1
MET,SER,0.211635,0.593894,2,1
MET,HIS,0.851406,0.639251,2,1
MET,ASN,0.488298,0.618802,2,1
MET,PRO,0.247358,0.613446,2,1
MET,CYS,0.227764,0.609429,2,1
MET,ILE,0.083592,0.649639,2,1
GLY,GLY,0.40363,0.469511,2,1
GLY,LYS,0.255806,0.567134,2,1
GLY,THR,0.266161,0.528442,2,1
GLY,ARG,0.836666,0.576639,2,1
GLY,ALA,0.305327,0.498013,2,1
GLY,ASP,0.425199,0.525925,2,1
GLY,GLU,0.44363,0.543637,2,1
GLY,TYR,1.078752,0.571317,2,1
GLY,VAL,0.213484,0.541239,2,1
GLY,LEU,0.224823,0.557893,2,1
GLY,GLN,0.621152,0.54863,2,1
GLY,TRP,1.353039,0.587924,2,1
GLY,PHE,1.02113,0.566122,2,1
GLY,SER,0.330682,0.505252,2,1
GLY,HIS,0.970454,0.551541,2,1
GLY,ASN,0.607345,0.530902,2,1
GLY,PRO,0.366405,0.524999,2,1
GLY,CYS,0.346812,0.520872,2,1
GLY,ILE,0.202639,0.558033,2,1
LYS,LYS,0.079986,0.667134,2,1
LYS,THR,0.118336,0.62794,2,1
LYS,ARG,0.510189,0.673819,2,1
LYS,ALA,0.157502,0.596669,2,1
LYS,ASP,0.002063,0.623699,2,1
LYS,GLU,0.002201,0.641358,2,1
LYS,TYR,0.429701,0.668408,2,1
LYS,VAL,0.06566,0.643354,2,1
LYS,LEU,0.076998,0.659256,2,1
LYS,GLN,0.473328,0.645969,2,1
LYS,TRP,0.438466,0.684969,2,1
LYS,PHE,0.482315,0.663228,2,1
LYS,SER,0.182858,0.603618,2,1
LYS,HIS,0.365556,0.64866,2,1
LYS,ASN,0.45952,0.628255,2,1
LYS,PRO,0.218581,0.623106,2,1
LYS,CYS,0.198987,0.619115,2,1
LYS,ILE,0.054815,0.6618,2,1
THR,THR,0.128691,0.588906,2,1
THR,ARG,0.699197,0.635202,2,1
THR,ALA,0.167858,0.557795,2,1
THR,ASP,0.287729,0.584987,2,1
THR,GLU,0.30616,0.602654,2,1
THR,TYR,0.941283,0.629806,2,1
THR,VAL,0.076015,0.603697,2,1
THR,LEU,0.087354,0.619809,2,1
THR,GLN,0.483683,0.607329,2,1
THR,TRP,1.215565,0.646378,2,1
THR,PHE,0.883661,0.624625,2,1
THR,SER,0.193213,0.564801,2,1
THR,HIS,0.832984,0.610053,2,1
THR,ASN,0.469876,0.58961,2,1
THR,PRO,0.228936,0.58432,2,1
THR,CYS,0.209342,0.580321,2,1
THR,ILE,0.06517,0.621462,2,1
ARG,ARG,0.376209,0.683905,2,1
ARG,ALA,0.738363,0.604909,2,1
ARG,ASP,0.006368,0.632986,2,1
ARG,GLU,0.006502,0.650709,2,1
ARG,TYR,2.543119,0.678624,2,1
ARG,VAL,0.64652,0.64778,2,1
ARG,LEU,0.657859,0.664461,2,1
ARG,GLN,1.054188,0.655828,2,1
ARG,TRP,2.893893,0.695255,2,1
ARG,PHE,2.280037,0.673424,2,1
ARG,SER,0.763718,0.612191,2,1
ARG,HIS,0.519808,0.658837,2,1
ARG,ASN,1.040381,0.638103,2,1
ARG,PRO,0.799441,0.631985,2,1
ARG,CYS,0.779847,0.627828,2,1
ARG,ILE,0.635675,0.664491,2,1
ALA,ALA,0.207024,0.527007,2,1
ALA,ASP,0.326896,0.55451,2,1
ALA,GLU,0.345326,0.572198,2,1
ALA,TYR,0.980449,0.599537,2,1
ALA,VAL,0.115181,0.571467,2,1
ALA,LEU,0.12652,0.587918,2,1
ALA,GLN,0.522849,0.576988,2,1
ALA,TRP,1.254736,0.616122,2,1
ALA,PHE,0.922827,0.594352,2,1
ALA,SER,0.232379,0.534119,2,1
ALA,HIS,0.872151,0.579777,2,1
ALA,ASN,0.509046,0.559268,2,1
ALA,PRO,0.268102,0.553738,2,1
ALA,CYS,0.248509,0.549687,2,1
ALA,ILE,0.104336,0.588726,2,1
ASP,ASP,0.330938,0.582352,2,1
ASP,GLU,0.34459,0.600058,2,1
ASP,TYR,1.100321,0.627647,2,1
ASP,VAL,0.235049,0.597874,2,1
ASP,LEU,0.246387,0.614509,2,1
ASP,GLN,0.642721,0.605004,2,1
ASP,TRP,1.374603,0.644244,2,1
ASP,PHE,1.042699,0.622456,2,1
ASP,SER,0.352247,0.56173,2,1
ASP,HIS,0.007355,0.607876,2,1
ASP,ASN,0.628914,0.58728,2,1
ASP,PRO,0.387974,0.581455,2,1
ASP,CYS,0.36838,0.57734,2,1
ASP,ILE,0.224208,0.614699,2,1
GLU,GLU,0.358242,0.617767,2,1
GLU,TYR,1.118751,0.64537,2,1
GLU,VAL,0.253479,0.615504,2,1
GLU,LEU,0.264818,0.632146,2,1
GLU,GLN,0.661151,0.622721,2,1
GLU,TRP,1.393034,0.661969,2,1
GLU,PHE,1.061129,0.64018,2,1
GLU,SER,0.370677,0.579422,2,1
GLU,HIS,0.007494,0.6256,2,1
GLU,ASN,0.647344,0.604999,2,1
GLU,PRO,0.406404,0.599152,2,1
GLU,CYS,0.386811,0.595036,2,1
GLU,ILE,0.242639,0.632333,2,1
TYR,TYR,1.753874,0.673363,2,1
TYR,VAL,0.888606,0.642355,2,1
TYR,LEU,0.899945,0.659039,2,1
TYR,GLN,1.296274,0.650525,2,1
TYR,TRP,2.028156,0.690005,2,1
TYR,PHE,1.696252,0.668159,2,1
TYR,SER,1.005804,0.606828,2,1
TYR,HIS,1.645576,0.653569,2,1
TYR,ASN,1.282467,0.632798,2,1
TYR,PRO,1.041527,0.62663,2,1
TYR,CYS,1.021934,0.622465,2,1
TYR,ILE,0.877761,0.659055,2,1
VAL,VAL,0.023338,0.6266,2,1
VAL,LEU,0.034677,0.639093,2,1
VAL,GLN,0.431006,0.619973,2,1
VAL,TRP,1.162888,0.658912,2,1
VAL,PHE,0.830984,0.637178,2,1
VAL,SER,0.140536,0.578166,2,1
VAL,HIS,0.780308,0.62261,2,1
VAL,ASN,0.417199,0.602261,2,1
VAL,PRO,0.176259,0.597433,2,1
VAL,CYS,0.156666,0.593567,2,1
LEU,LEU,0.046016,0.653407,2,1
LEU,GLN,0.442345,0.636649,2,1
LEU,TRP,1.174227,0.675594,2,1
LEU,PHE,0.842323,0.65386,2,1
LEU,SER,0.151875,0.594697,2,1
LEU,HIS,0.791646,0.639294,2,1
LEU,ASN,0.428538,0.618936,2,1
LEU,PRO,0.187598,0.614021,2,1
LEU,CYS,0.168004,0.610125,2,1
LEU,ILE,0.023832,0.660772,2,1
GLN,GLN,0.838674,0.627785,2,1
GLN,TRP,1.570556,0.667141,2,1
GLN,PHE,1.238652,0.645328,2,1
GLN,SER,0.548204,0.584255,2,1
GLN,HIS,1.187976,0.630743,2,1
GLN,ASN,0.824867,0.610059,2,1
GLN,PRO,0.583927,0.604035,2,1
GLN,CYS,0.564334,0.599885,2,1
GLN,ILE,0.420161,0.636715,2,1
TRP,TRP,2.302443,0.706655,2,1
TRP,PHE,1.970538,0.684798,2,1
TRP,SER,1.280086,0.623414,2,1
TRP,HIS,1.919858,0.670209,2,1
TRP,ASN,1.556753,0.649416,2,1
TRP,PRO,1.315814,0.643217,2,1
TRP,CYS,1.29622,0.639053,2,1
TRP,ILE,1.152048,0.675603,2,1
PHE,PHE,1.63863,0.662955,2,1
PHE,SER,0.948182,0.60164,2,1
PHE,HIS,1.587954,0.648367,2,1
PHE,ASN,1.224845,0.627603,2,1
PHE,PRO,0.983905,0.621441,2,1
PHE,CYS,0.964312,0.617279,2,1
PHE,ILE,0.820139,0.653879,2,1
SER,SER,0.257734,0.541267,2,1
SER,HIS,0.897506,0.587063,2,1
SER,ASN,0.534397,0.566533,2,1
SER,PRO,0.293457,0.560932,2,1
SER,CYS,0.273864,0.556848,2,1
SER,ILE,0.129691,0.595253,2,1
HIS,HIS,0.113872,0.633778,2,1
HIS,ASN,1.174168,0.613018,2,1
HIS,PRO,0.933229,0.606865,2,1
HIS,CYS,0.913635,0.602702,2,1
HIS,ILE,0.769463,0.639315,2,1
ASN,ASN,0.811064,0.592335,2,1
ASN,PRO,0.570124,0.586308,2,1
ASN,CYS,0.550531,0.582164,2,1
ASN,ILE,0.406358,0.618999,2,1
PRO,PRO,0.329185,0.580616,2,1
PRO,CYS,0.309591,0.576515,2,1
PRO,ILE,0.165419,0.614386,2,1
CYS,CYS,0.289997,0.572436,2,1
CYS,ILE,0.145825,0.610587,2,1
ILE,ILE,0.001653,0.692168,11,1
VAL,ILE,0.012493,0.671801,4,1
MET,RNA_A,1.153872,0.745398,3,1
GLY,RNA_A,1.272919,0.656756,3,1
LYS,RNA_A,0.666658,0.755567,3,1
THR,RNA_A,1.13545,0.716453,3,1
ARG,RNA_A,2.518417,0.763953,3,1
ALA,RNA_A,1.174616,0.685504,3,1
ASP,RNA_A,1.236573,0.713176,3,1
GLU,RNA_A,1.250225,0.730884,3,1
TYR,RNA_A,1.948041,0.758682,3,1
VAL,RNA_A,1.082773,0.7353,3,1
LEU,RNA_A,1.094112,0.748704,3,1
GLN,RNA_A,1.490441,0.735893,3,1
TRP,RNA_A,2.222327,0.775327,3,1
PHE,RNA_A,1.890419,0.753478,3,1
SER,RNA_A,1.199971,0.692634,3,1
HIS,RNA_A,1.12804,0.738889,3,1
ASN,RNA_A,1.476634,0.718168,3,1
PRO,RNA_A,1.235698,0.712308,3,1
CYS,RNA_A,1.216105,0.708218,3,1
ILE,RNA_A,1.071932,0.768084,3,1
RNA_A,RNA_A,2.142208,0.844,3,1
MET,RNA_C,0.783588,0.734398,3,1
GLY,RNA_C,0.902635,0.645756,3,1
LYS,RNA_C,0.444487,0.744567,3,1
THR,RNA_C,0.765166,0.705453,3,1
ARG,RNA_C,1.777849,0.752953,3,1
ALA,RNA_C,0.804332,0.674504,3,1
ASP,RNA_C,0.866289,0.702176,3,1
GLU,RNA_C,0.879941,0.719884,3,1
TYR,RNA_C,1.577757,0.747682,3,1
VAL,RNA_C,0.712489,0.7243,3,1
LEU,RNA_C,0.723828,0.737704,3,1
GLN,RNA_C,1.120157,0.724892,3,1
TRP,RNA_C,1.852043,0.764327,3,1
PHE,RNA_C,1.520135,0.742478,3,1
SER,RNA_C,0.829687,0.681634,3,1
HIS,RNA_C,0.757756,0.727889,3,1
ASN,RNA_C,1.106354,0.707168,3,1
PRO,RNA_C,0.865414,0.701308,3,1
CYS,RNA_C,0.845821,0.697218,3,1
ILE,RNA_C,0.701644,0.757084,3,1
RNA_A,RNA_C,1.771924,0.833,3,1
RNA_C,RNA_C,1.40164,0.822,3,1
MET,RNA_G,1.16224,0.748898,3,1
GLY,RNA_G,1.281287,0.660256,3,1
LYS,RNA_G,0.671678,0.759067,3,1
THR,RNA_G,1.143818,0.719953,3,1
ARG,RNA_G,2.535153,0.767453,3,1
ALA,RNA_G,1.182984,0.689004,3,1
ASP,RNA_G,1.244941,0.716676,3,1
GLU,RNA_G,1.258593,0.734384,3,1
TYR,RNA_G,1.956409,0.762182,3,1
VAL,RNA_G,1.091141,0.7388,3,1
LEU,RNA_G,1.10248,0.752204,3,1
GLN,RNA_G,1.498809,0.739393,3,1
TRP,RNA_G,2.230695,0.778827,3,1
PHE,RNA_G,1.898787,0.756978,3,1
SER,RNA_G,1.208339,0.696134,3,1
HIS,RNA_G,1.136408,0.742389,3,1
ASN,RNA_G,1.485002,0.721668,3,1
PRO,RNA_G,1.244066,0.715808,3,1
CYS,RNA_G,1.224473,0.711718,3,1
ILE,RNA_G,1.0803,0.771584,3,1
RNA_A,RNA_G,2.150576,0.8475,3,1
RNA_C,RNA_G,1.780292,0.8365,3,1
RNA_G,RNA_G,2.158944,0.851,3,1
MET,RNA_U,0.720828,0.731898,3,1
GLY,RNA_U,0.839875,0.643256,3,1
LYS,RNA_U,0.406831,0.742067,3,1
THR,RNA_U,0.702406,0.702953,3,1
ARG,RNA_U,1.652329,0.750453,3,1
ALA,RNA_U,0.741572,0.672004,3,1
ASP,RNA_U,0.803529,0.699676,3,1
GLU,RNA_U,0.817181,0.717384,3,1
TYR,RNA_U,1.514997,0.745182,3,1
VAL,RNA_U,0.649729,0.7218,3,1
LEU,RNA_U,0.661068,0.735204,3,1
GLN,RNA_U,1.057397,0.722393,3,1
TRP,RNA_U,1.789279,0.761827,3,1
PHE,RNA_U,1.457375,0.739978,3,1
SER,RNA_U,0.766927,0.679134,3,1
HIS,RNA_U,0.694996,0.725389,3,1
ASN,RNA_U,1.04359,0.704668,3,1
PRO,RNA_U,0.80265,0.698808,3,1
CYS,RNA_U,0.783061,0.694718,3,1
ILE,RNA_U,0.638884,0.754584,3,1
RNA_A,RNA_U,1.709164,0.8305,3,1
RNA_C,RNA_U,1.33888,0.8195,3,1
RNA_G,RNA_U,1.717532,0.834,3,1
RNA_U,RNA_U,1.27612,0.817,3,1
