,ssbond5.k2,ssbond5.k3,ssbond5.k4,ssbond5.x0,ssbond3.k2,ssbond3.k3,ssbond3.k4,ssbond3.x0,ssangle5.k2,ssangle5.k3,ssangle5.k4,ssangle5.x0,ssangle3.k2,ssangle3.k3,ssangle3.k4,ssangle3.x0,cs_bond.k2,cs_bond.k3,cs_bond.k4,cs_bond.x0,cs_anglem.k,cs_anglem.x0,cs_anglep.k,cs_anglep.x0,cs_dihedm.k,cs_dihedm.x0,cs_dihedp.k,cs_dihedp.x0,ug,cs_bondg.k,cs_bondg.x0
AAA,1960.9495849609375,10347.185546875,15355.7333984375,0.4985353350639343,3061.07861328125,-7871.47265625,5692.85400390625,0.5011280179023743,95.07740020751953,-370.14129638671875,483.9310302734375,2.6094069480895996,118.4142837524414,-63.83371353149414,9.678074836730957,2.6486146450042725,4134.3232421875,-3806.914794921875,985.9042358398438,1.1219724416732788,149.2347,1.6579757,149.2347,1.0579805,98.52354,1.7252535,98.52354,1.512138,,,
AAC,1681.8133544921875,-9363.287109375,14661.26171875,0.449574738740921,3041.80859375,-19275.908203125,34355.02734375,0.43485426902770996,123.57783508300781,-257.7147216796875,151.15774536132812,2.6226143836975098,114.90848541259766,92.12104034423828,20.771045684814453,2.6622328758239746,4883.93896484375,-9376.716796875,5063.1865234375,1.1208245754241943,128.99008,1.6043802,128.99008,1.1813661,121.759476,1.6230583,121.759476,1.4587862,,,
AAG,1520.5206298828125,10094.734375,18849.072265625,0.5252419114112854,2253.14404296875,-8178.623046875,8349.56640625,0.4899752140045166,77.61785888671875,-252.0360870361328,233.4232635498047,2.4883971214294434,117.49681854248047,42.339698791503906,4.291037082672119,2.710231304168701,4355.9853515625,-3047.042724609375,599.4642333984375,1.1114184856414795,101.8358,1.6427838,101.8358,1.0710706,103.950836,1.6711586,103.950836,1.4279139,,,
AAT,3719.41650390625,-10596.7421875,8491.0693359375,0.45504361391067505,3732.3623046875,-14237.705078125,15275.2626953125,0.45507264137268066,164.7796630859375,-328.689453125,184.40025329589844,2.628758430480957,160.1354522705078,-52.43391799926758,4.8286967277526855,2.629960536956787,5422.3212890625,-9360.78125,4544.97412109375,1.1242032051086426,217.95715,1.5674701,217.95715,1.1127553,167.53734,1.6016003,167.53734,1.4424173,,,
ACA,1399.350341796875,10203.46875,20924.8203125,0.5453241467475891,1431.59765625,-12987.90625,33139.80078125,0.5130118131637573,102.58029174804688,-106.9098892211914,31.33751678466797,2.4870429039001465,42.40362548828125,-0.014636801555752754,1.4214439261195366e-06,2.946566343307495,7692.8955078125,10491.126953125,4023.89794921875,1.0945626497268677,106.70802,1.5981143,106.70802,1.0424563,35.667503,1.4361541,35.667503,1.2183087,,,
ACC,1205.089599609375,6457.09912109375,9730.7890625,0.5069891810417175,2835.99462890625,-0.11874059587717056,1.399589223183284e-06,0.502483606338501,84.23494720458984,6.832013130187988,0.15585654973983765,2.515875816345215,82.2266616821289,-73.3189468383789,91.94346618652344,2.7501609325408936,8620.4091796875,-5813.47607421875,1102.64697265625,1.098406195640564,100.82985,1.6319938,100.82985,1.1507851,115.54154,1.6021752,115.54154,1.4307961,,,
ACG,1171.4114990234375,9762.671875,22883.392578125,0.5650360584259033,858.8106079101562,5508.955078125,9938.7919921875,0.5603848695755005,121.65247344970703,-75.36896514892578,13.132789611816406,2.4523470401763916,121.30609893798828,-628.1246337890625,914.748046875,2.686863422393799,7781.16748046875,5116.71142578125,946.30517578125,1.0937684774398804,198.52477,1.6131101,198.52477,0.98542625,39.93791,1.5875989,39.93791,1.3730522,,,
ACT,1935.75048828125,-4596.28857421875,3069.429931640625,0.48071902990341187,1758.3721923828125,5407.35009765625,4676.8203125,0.5285940170288086,92.67648315429688,-53.17652893066406,8.58151626586914,2.530409336090088,129.93051147460938,-251.86734008789062,137.31724548339844,2.6682870388031006,8745.3798828125,-8190.482421875,2157.41064453125,1.1001520156860352,103.87444,1.6537219,103.87444,1.1156459,140.98509,1.6969888,140.98509,1.3502696,,,
AGA,2673.536376953125,21258.4765625,47541.2578125,0.4732961654663086,1181.813720703125,820.4972534179688,160.21302795410156,0.5084050893783569,101.74397277832031,492.92779541015625,671.7507934570312,2.83589243888855,100.80548858642578,-30.028207778930664,2.5157504081726074,2.602512836456299,6403.703125,8260.453125,2996.877685546875,1.0928537845611572,109.15152,1.6138922,109.15152,1.098588,38.399315,1.7620689,38.399315,1.2301329,,,
AGC,2466.317626953125,-3592.1416015625,1471.4666748046875,0.44649970531463623,1942.8271484375,-5109.71484375,3779.65087890625,0.4352633059024811,98.55093383789062,-202.5381317138672,117.06993865966797,2.637885570526123,58.26737976074219,168.2654266357422,140.20645141601562,2.5982131958007812,7875.23876953125,-1415.4661865234375,71.5556411743164,1.098196029663086,75.72705,1.6169978,75.72705,1.1067979,101.179405,1.6648132,101.179405,1.3846667,,,
AGG,2171.194091796875,21656.986328125,60756.10546875,0.50274258852005,1557.761474609375,6175.345703125,6885.162109375,0.516560435295105,97.50907897949219,-450.3761291503906,592.5802612304688,2.482175350189209,97.13594055175781,-55.24199676513672,8.835914611816406,2.627922534942627,7161.58837890625,-4883.91064453125,936.7392578125,1.0976676940917969,74.27661,1.6626272,74.27661,1.1188828,75.63869,1.67597,75.63869,1.325538,,,
AGT,3721.61083984375,-16512.361328125,20605.34375,0.430169939994812,2315.1279296875,-13631.1123046875,22572.521484375,0.4630420506000519,129.93051147460938,-251.86734008789062,137.31724548339844,2.6682870388031006,92.67648315429688,-53.17652893066406,8.58151626586914,2.530409336090088,8745.3798828125,-8190.482421875,2157.41064453125,1.1001520156860352,103.87444,1.6537219,103.87444,1.1156459,140.98509,1.6969888,140.98509,1.3502696,,,
ATA,500.5925598144531,1997.11328125,2240.85400390625,0.5383749008178711,964.3767700195312,6566.005859375,12573.2724609375,0.5544179677963257,109.02130126953125,-101.97489166259766,26.82673454284668,2.49851131439209,126.59886932373047,-486.78009033203125,529.7919311523438,2.6461150646209717,4279.71923828125,-4171.55126953125,1143.595703125,1.1167333126068115,95.660645,1.5877622,95.660645,1.1089202,59.644684,1.5562863,59.644684,1.3694448,,,
ATC,1106.076171875,-4894.35302734375,6091.1328125,0.48913973569869995,2939.751953125,16090.0703125,24768.38671875,0.47710084915161133,119.43755340576172,160.8115234375,60.89560317993164,2.6403965950012207,150.74993896484375,-437.166748046875,561.5604858398438,2.6207797527313232,4976.251953125,-8908.943359375,4485.82666015625,1.1226938962936401,190.06097,1.590563,190.06097,1.1704167,104.630005,1.6105754,104.630005,1.4546168,,,
ATG,1793.595458984375,-20134.359375,63568.73828125,0.5040998458862305,1731.83447265625,13615.47265625,30105.900390625,0.5575675368309021,117.20878601074219,-131.34213256835938,41.39430236816406,2.4644670486450195,141.19851684570312,-236.4562225341797,111.3688735961914,2.695483446121216,4834.4873046875,-4496.46826171875,1176.2115478515625,1.1199110746383667,104.562675,1.6419857,104.562675,1.1077341,83.180855,1.7065829,83.180855,1.4064595,,,
ATT,2203.98193359375,-7812.3291015625,7788.3505859375,0.480640172958374,3009.765869140625,18283.0078125,31235.974609375,0.5026857256889343,160.1354522705078,-52.43391799926758,4.8286967277526855,2.629960536956787,164.7796630859375,-328.689453125,184.40025329589844,2.628758430480957,5422.3212890625,-9360.78125,4544.97412109375,1.1242032051086426,217.95715,1.5674701,217.95715,1.1127553,167.53734,1.6016003,167.53734,1.4424173,,,
CAA,2367.897705078125,19021.291015625,42974.375,0.50506991147995,2179.29931640625,-10128.521484375,13239.380859375,0.4849175214767456,96.01140594482422,470.7318115234375,653.1334838867188,2.8852901458740234,97.47750854492188,-71.20552825927734,14.629030227661133,2.4852733612060547,4686.6689453125,-7636.14990234375,3499.267578125,1.1122289896011353,99.318596,1.6559731,99.318596,1.1188213,48.137585,1.6320592,48.137585,1.4837815,,,
CAC,1894.9105224609375,-15234.1318359375,34446.03515625,0.4454299807548523,1874.5035400390625,-13021.3974609375,25440.255859375,0.4402724504470825,146.86456298828125,-398.12188720703125,413.7444763183594,2.6659908294677734,105.63037872314453,-116.27413940429688,35.9973030090332,2.445638656616211,5327.3115234375,-9621.58203125,4887.39453125,1.1179460287094116,139.95149,1.6156183,139.95149,1.0876293,92.91349,1.6719716,92.91349,1.3906093,,,
CAG,1270.88818359375,5921.36083984375,7759.40087890625,0.5181556940078735,1548.513671875,-0.014418406412005424,9.601449164620135e-07,0.48390769958496094,67.14344787597656,-400.4381103515625,671.6776123046875,2.554976224899292,93.83998107910156,-59.575164794921875,10.637391090393066,2.532658100128174,4283.04736328125,-8618.123046875,4877.13720703125,1.1110897064208984,117.1198,1.6582444,117.1198,1.0665605,43.895897,1.6375908,43.895897,1.4155871,,,
CAT,3184.482421875,-17230.3359375,26220.509765625,0.4532274901866913,2993.530517578125,-13948.255859375,18278.837890625,0.45233798027038574,141.19851684570312,-236.4562225341797,111.3688735961914,2.695483446121216,117.20878601074219,-131.34213256835938,41.39430236816406,2.4644670486450195,4834.4873046875,-4496.46826171875,1176.2115478515625,1.1199110746383667,104.562675,1.6419857,104.562675,1.1077341,83.180855,1.7065829,83.180855,1.4064595,,,
CCA,756.32666015625,-526.968505859375,103.26483154296875,0.5245290398597717,1305.37060546875,-9592.896484375,19827.0546875,0.5155531764030457,108.35881805419922,-51.34579849243164,6.842866897583008,2.5573127269744873,150.73426818847656,525.9215087890625,516.0863647460938,2.904632329940796,7734.93798828125,8473.0302734375,2610.437255859375,1.0923947095870972,103.86654,1.696398,103.86654,1.136846,39.382507,1.6752421,39.382507,1.4402883,,,
CCC,814.0565795898438,-1130.89306640625,441.8561706542969,0.5131564140319824,1965.6427001953125,16343.4599609375,38218.703125,0.49631813168525696,86.92489624023438,-13.134561538696289,0.5592461824417114,2.635988235473633,54.29542922973633,-278.2954406738281,402.1168518066406,2.4894556999206543,7121.57666015625,-7390.98779296875,2157.353759765625,1.0999116897583008,75.077194,1.7101414,75.077194,1.1396148,67.24613,1.7760755,67.24613,1.4497498,,,
CCG,600.8093872070312,410.6049499511719,78.92311096191406,0.541542112827301,1087.9295654296875,-7593.86279296875,14907.9267578125,0.5145397186279297,113.03604888916016,-102.32474517822266,26.051820755004883,2.534869909286499,125.42898559570312,501.7974853515625,564.6139526367188,2.8788094520568848,7470.20947265625,6512.8154296875,1596.9759521484375,1.0916309356689453,101.17932,1.6935726,101.17932,1.1652642,34.24255,1.8061154,34.24255,1.5053678,,,
CCT,1568.0113525390625,0.11476482450962067,2.370363745285431e-06,0.48944368958473206,1105.153564453125,2642.278564453125,1776.753173828125,0.51090407371521,97.13594055175781,-55.24199676513672,8.835914611816406,2.627922534942627,97.50907897949219,-450.3761291503906,592.5802612304688,2.482175350189209,7161.58837890625,-4883.91064453125,936.7392578125,1.0976676940917969,74.27661,1.6626272,74.27661,1.1188828,75.63869,1.67597,75.63869,1.325538,,,
CGA,2402.636474609375,19496.638671875,44496.30078125,0.4784252345561981,1421.1048583984375,-9789.736328125,18967.42578125,0.4849657416343689,147.99929809570312,549.6610107421875,574.146484375,2.939439296722412,106.49071502685547,-81.44416046142578,17.518653869628906,2.5176472663879395,6909.2548828125,9316.0048828125,3532.81396484375,1.0894304513931274,107.059784,1.6372474,107.059784,1.1051637,39.135925,1.6558721,39.135925,1.4202255,,,
CGC,1580.144775390625,-2759.68408203125,1355.546142578125,0.445869117975235,1535.28955078125,-7146.2548828125,9355.33203125,0.4251750409603119,128.24081420898438,-557.5549926757812,681.776123046875,2.6270036697387695,78.65129089355469,19.53188705444336,1.3641934394836426,2.443890333175659,8112.91015625,-4213.4892578125,615.4599609375,1.0939576625823975,73.67879,1.6021997,73.67879,1.108428,49.521492,1.642599,49.521492,1.3738791,,,
CGG,2429.77197265625,21881.30859375,55420.89453125,0.49847668409347534,1134.9720458984375,-7087.650390625,12448.353515625,0.4789574146270752,125.42898559570312,501.7974853515625,564.6139526367188,2.8788094520568848,113.03604888916016,-102.32474517822266,26.051820755004883,2.534869909286499,7470.20947265625,6512.8154296875,1596.9759521484375,1.0916309356689453,101.17932,1.6935726,101.17932,1.1652642,34.24255,1.8061154,34.24255,1.5053678,,,
CGT,1534.226806640625,-9515.0908203125,16596.970703125,0.44558820128440857,2311.055419921875,-20353.61328125,50415.62890625,0.4417588412761688,121.30609893798828,-628.1246337890625,914.748046875,2.686863422393799,121.65247344970703,-75.36896514892578,13.132789611816406,2.4523470401763916,7781.16748046875,5116.71142578125,946.30517578125,1.0937684774398804,198.52477,1.6131101,198.52477,0.98542625,39.93791,1.5875989,39.93791,1.3730522,,,
CTA,602.6288452148438,4177.47314453125,8144.603515625,0.5555429458618164,999.2213134765625,-8212.02734375,18981.548828125,0.48592841625213623,116.8916244506836,-65.41107177734375,10.29466724395752,2.586085557937622,38.441837310791016,-232.3175506591797,394.8992919921875,2.546182632446289,4549.548828125,-9129.4375,5152.43115234375,1.1113640069961548,142.54272,1.6485018,142.54272,1.113247,35.439213,1.7700925,35.439213,1.6072698,,,
CTC,1029.4630126953125,-4050.037841796875,4481.2578125,0.5061694979667664,1710.1392822265625,11130.3779296875,20374.2109375,0.46888262033462524,102.92950439453125,-14.498942375183105,0.5744166374206543,2.7087481021881104,60.92574691772461,-213.67369079589844,215.30026245117188,2.5034542083740234,4175.212890625,-4999.1796875,1683.493408203125,1.1154426336288452,78.78033,1.6075253,78.78033,1.1063591,75.3141,1.6575525,75.3141,1.4581196,,,
CTG,878.1734619140625,-4874.9794921875,7611.28076171875,0.522935152053833,790.3045043945312,-2745.244873046875,2682.009033203125,0.5093395709991455,93.83998107910156,-59.575164794921875,10.637391090393066,2.532658100128174,67.14344787597656,-400.4381103515625,671.6776123046875,2.554976224899292,4283.04736328125,-8618.123046875,4877.13720703125,1.1110897064208984,117.1198,1.6582444,117.1198,1.0665605,43.895897,1.6375908,43.895897,1.4155871,,,
CTT,1962.7698974609375,-3350.802734375,1608.86962890625,0.4959920048713684,1302.099365234375,4699.0732421875,4769.4990234375,0.4859841465950012,117.49681854248047,42.339698791503906,4.291037082672119,2.710231304168701,77.61785888671875,-252.0360870361328,233.4232635498047,2.4883971214294434,4355.9853515625,-3047.042724609375,599.4642333984375,1.1114184856414795,101.8358,1.6427838,101.8358,1.0710706,103.950836,1.6711586,103.950836,1.4279139,,,
GAA,1248.0777587890625,378.0887756347656,26943.669921875,0.4855538010597229,2295.727783203125,-1602.3848876953125,314.56170654296875,0.4987192749977112,80.9605941772461,-171.05386352539062,134.45257568359375,2.5945425033569336,102.703857421875,16.357332229614258,0.7330127358436584,2.659959554672241,4083.977783203125,-4119.60986328125,1168.74951171875,1.1142833232879639,140.78177,1.5950352,140.78177,1.1414561,71.43196,1.640088,71.43196,1.3973799,,,
GAC,2168.324951171875,-17354.96484375,39067.50390625,0.4489145278930664,2170.5234375,-16107.568359375,33619.25,0.4412684440612793,137.4971160888672,-253.03660583496094,130.9681396484375,2.6372523307800293,117.12540435791016,170.3407440185547,69.67523956298828,2.652642250061035,4864.798828125,-9159.20703125,4850.01904296875,1.118103265762329,135.19913,1.5341077,135.19913,1.201504,94.23987,1.5184506,94.23987,1.4049284,,,
GAG,1159.133544921875,2353.28369140625,1343.716552734375,0.5126622915267944,1964.9569091796875,264.2120056152344,9.991861343383789,0.4906047582626343,60.92574691772461,-213.67369079589844,215.30026245117188,2.5034542083740234,102.92950439453125,-14.498942375183105,0.5744166374206543,2.7087481021881104,4175.212890625,-4999.1796875,1683.493408203125,1.1154426336288452,78.78033,1.6075253,78.78033,1.1063591,75.3141,1.6575525,75.3141,1.4581196,,,
GAT,3338.0576171875,-6980.275390625,4105.2900390625,0.4528629779815674,3460.152587890625,-15922.6796875,20607.703125,0.4555189907550812,150.74993896484375,-437.166748046875,561.5604858398438,2.6207797527313232,119.43755340576172,160.8115234375,60.89560317993164,2.6403965950012207,4976.251953125,-8908.943359375,4485.82666015625,1.1226938962936401,190.06097,1.590563,190.06097,1.1704167,104.630005,1.6105754,104.630005,1.4546168,,,
GCA,699.6124877929688,-1774.710693359375,1266.164306640625,0.5144137740135193,655.1763305664062,-2118.5810546875,1926.7457275390625,0.5365563631057739,70.2874984741211,-28.343557357788086,3.216370105743408,2.445359945297241,55.3258056640625,-264.433349609375,355.46533203125,2.638590097427368,8210.7353515625,-2704.52294921875,250.54928588867188,1.0957962274551392,40.017365,1.638796,40.017365,1.109762,30.661127,1.5119703,30.661127,1.3288275,,,
GCC,885.5635986328125,-4913.697265625,7668.130859375,0.43091529607772827,935.0947265625,-2176.54736328125,1424.86328125,0.4662683606147766,73.4558334350586,230.77786254882812,312.6444091796875,2.617799758911133,102.98631286621094,-305.49359130859375,394.6512756347656,2.6773841381073,2434.067626953125,-7689.18310546875,6831.56640625,1.0643259286880493,48.21749,1.6309407,48.21749,1.3465879,98.67437,1.6137183,98.67437,1.42927,,,
GCG,959.0406494140625,-6799.02294921875,13556.5283203125,0.5151197910308838,1153.7579345703125,9269.2578125,20944.390625,0.570499837398529,78.65129089355469,19.53188705444336,1.3641934394836426,2.443890333175659,128.24081420898438,-557.5549926757812,681.776123046875,2.6270036697387695,8112.91015625,-4213.4892578125,615.4599609375,1.0939576625823975,73.67879,1.6021997,73.67879,1.108428,49.521492,1.642599,49.521492,1.3738791,,,
GCT,1754.5443115234375,-1985.519775390625,631.9411010742188,0.48171424865722656,1496.079833984375,5798.76513671875,6321.3349609375,0.5235029458999634,58.26737976074219,168.2654266357422,140.20645141601562,2.5982131958007812,98.55093383789062,-202.5381317138672,117.06993865966797,2.637885570526123,7875.23876953125,-1415.4661865234375,71.5556411743164,1.098196029663086,75.72705,1.6169978,75.72705,1.1067979,101.179405,1.6648132,101.179405,1.3846667,,,
GGA,1829.135498046875,12182.6982421875,22820.94140625,0.4739920496940613,974.9500732421875,-2835.198974609375,2318.8740234375,0.5063490271568298,49.86991882324219,-29.286888122558594,4.837357044219971,2.6187336444854736,89.78620147705078,-70.27620697021484,15.470332145690918,2.5839169025421143,7002.47119140625,-2748.3740234375,336.25799560546875,1.0966622829437256,118.32086,1.5929881,118.32086,1.1495721,37.46148,1.6301879,37.46148,1.3509576,,,
GGC,1653.1121826171875,-2252.34814453125,863.1002807617188,0.43468955159187317,1836.2847900390625,-4079.093505859375,2548.4716796875,0.4489428400993347,102.98631286621094,-305.49359130859375,394.6512756347656,2.6773841381073,73.4558334350586,230.77786254882812,312.6444091796875,2.617799758911133,2434.067626953125,-7689.18310546875,6831.56640625,1.0643259286880493,48.21749,1.6309407,48.21749,1.3465879,98.67437,1.6137183,98.67437,1.42927,,,
GGG,2195.130615234375,20701.00390625,54905.38671875,0.5028855204582214,1144.6732177734375,4745.865234375,5534.033203125,0.508114755153656,54.29542922973633,-278.2954406738281,402.1168518066406,2.4894556999206543,86.92489624023438,-13.134561538696289,0.5592461824417114,2.635988235473633,7121.57666015625,-7390.98779296875,2157.353759765625,1.0999116897583008,75.077194,1.7101414,75.077194,1.1396148,67.24613,1.7760755,67.24613,1.4497498,,,
GGT,3096.826171875,-18160.66796875,29952.9296875,0.43330997228622437,1337.764404296875,-2551.764404296875,1368.9703369140625,0.46583321690559387,82.2266616821289,-73.3189468383789,91.94346618652344,2.7501609325408936,84.23494720458984,6.832013130187988,0.15585654973983765,2.515875816345215,8620.4091796875,-5813.47607421875,1102.64697265625,1.098406195640564,100.82985,1.6319938,100.82985,1.1507851,115.54154,1.6021752,115.54154,1.4307961,,,
GTA,1945.6524658203125,-21602.298828125,67457.0234375,0.4726470112800598,1535.2923583984375,14622.349609375,39168.390625,0.5740749835968018,121.90471649169922,-97.37187957763672,21.87455177307129,2.4862308502197266,156.8990020751953,-623.679931640625,731.9993286132812,2.622596502304077,4645.87890625,-9508.869140625,5473.7177734375,1.1202507019042969,89.9938,1.5726088,89.9938,1.1990945,81.321205,1.6353531,81.321205,1.3716103,,,
GTC,1991.99365234375,-17087.8046875,41226.55859375,0.4793102443218231,2903.938232421875,15209.5927734375,22404.759765625,0.4828615188598633,117.12540435791016,170.3407440185547,69.67523956298828,2.652642250061035,137.4971160888672,-253.03660583496094,130.9681396484375,2.6372523307800293,4864.798828125,-9159.20703125,4850.01904296875,1.118103265762329,135.19913,1.5341077,135.19913,1.201504,94.23987,1.5184506,94.23987,1.4049284,,,
GTG,2083.6962890625,-20476.296875,56592.76953125,0.4990895092487335,1613.9296875,12425.923828125,26906.99609375,0.5533190965652466,105.63037872314453,-116.27413940429688,35.9973030090332,2.445638656616211,146.86456298828125,-398.12188720703125,413.7444763183594,2.6659908294677734,5327.3115234375,-9621.58203125,4887.39453125,1.1179460287094116,139.95149,1.6156183,139.95149,1.0876293,92.91349,1.6719716,92.91349,1.3906093,,,
GTT,1873.74609375,-5637.68505859375,4770.7138671875,0.4862428903579712,2333.317626953125,18404.755859375,40829.94140625,0.5032073855400085,114.90848541259766,92.12104034423828,20.771045684814453,2.6622328758239746,123.57783508300781,-257.7147216796875,151.15774536132812,2.6226143836975098,4883.93896484375,-9376.716796875,5063.1865234375,1.1208245754241943,128.99008,1.6043802,128.99008,1.1813661,121.759476,1.6230583,121.759476,1.4587862,,,
TAA,2846.18603515625,20688.8828125,42296.390625,0.5025340914726257,2563.751953125,-16981.3125,31634.3515625,0.473982036113739,48.38140106201172,-32.98528289794922,6.324956893920898,2.74379825592041,111.04884338378906,-81.5478744506836,16.8424072265625,2.5396366119384766,4877.0244140625,-7296.341796875,3070.06787109375,1.1063990592956543,168.64986,1.594909,168.64986,1.0897269,30.257622,1.5872213,30.257622,1.5343611,,,
TAC,1569.1029052734375,-12405.6640625,27585.517578125,0.44942325353622437,1242.6357421875,-5482.20263671875,6802.34716796875,0.44462278485298157,156.8990020751953,-623.679931640625,731.9993286132812,2.622596502304077,121.90471649169922,-97.37187957763672,21.87455177307129,2.4862308502197266,4645.87890625,-9508.869140625,5473.7177734375,1.1202507019042969,89.9938,1.5726088,89.9938,1.1990945,81.321205,1.6353531,81.321205,1.3716103,,,
TAG,1523.3892822265625,12451.9755859375,28625.83203125,0.5271927118301392,1542.6915283203125,0.08084886521100998,1.2004867357973126e-06,0.4787977933883667,38.441837310791016,-232.3175506591797,394.8992919921875,2.546182632446289,116.8916244506836,-65.41107177734375,10.29466724395752,2.586085557937622,4549.548828125,-9129.4375,5152.43115234375,1.1113640069961548,142.54272,1.6485018,142.54272,1.113247,35.439213,1.7700925,35.439213,1.6072698,,,
TAT,2728.001708984375,-18107.84375,33805.03125,0.4601224660873413,2725.0390625,-15060.51171875,23409.884765625,0.45299801230430603,126.59886932373047,-486.78009033203125,529.7919311523438,2.6461150646209717,109.02130126953125,-101.97489166259766,26.82673454284668,2.49851131439209,4279.71923828125,-4171.55126953125,1143.595703125,1.1167333126068115,95.660645,1.5877622,95.660645,1.1089202,59.644684,1.5562863,59.644684,1.3694448,,,
TCA,821.4668579101562,2800.433349609375,2685.053466796875,0.5451862812042236,1526.1492919921875,-11842.1484375,25843.810546875,0.506821870803833,104.88558959960938,24.62276268005371,1.6257424354553223,2.545973300933838,154.0185546875,-0.021755995228886604,8.649140568195435e-07,2.9139480590820312,7094.07080078125,10650.53515625,4497.17626953125,1.0923137664794922,98.00312,1.607501,98.00312,1.0532546,43.84483,1.4686258,43.84483,1.3705409,,,
TCC,811.1251831054688,-1102.5556640625,421.5078125,0.5047563314437866,1372.8831787109375,12566.51953125,32351.08984375,0.493353009223938,89.78620147705078,-70.27620697021484,15.470332145690918,2.5839169025421143,49.86991882324219,-29.286888122558594,4.837357044219971,2.6187336444854736,7002.47119140625,-2748.3740234375,336.25799560546875,1.0966622829437256,118.32086,1.5929881,118.32086,1.1495721,37.46148,1.6301879,37.46148,1.3509576,,,
TCG,634.8045043945312,1223.33984375,663.0506591796875,0.551757276058197,1265.70751953125,-9435.552734375,19783.078125,0.5089758038520813,106.49071502685547,-81.44416046142578,17.518653869628906,2.5176472663879395,147.99929809570312,549.6610107421875,574.146484375,2.939439296722412,6909.2548828125,9316.0048828125,3532.81396484375,1.0894304513931274,107.059784,1.6372474,107.059784,1.1051637,39.135925,1.6558721,39.135925,1.4202255,,,
TCT,1595.9132080078125,-6277.1884765625,26208.146484375,0.4947039783000946,788.4109497070312,-3449.53271484375,4244.8310546875,0.4804927110671997,100.80548858642578,-30.028207778930664,2.5157504081726074,2.602512836456299,101.74397277832031,492.92779541015625,671.7507934570312,2.83589243888855,6403.703125,8260.453125,2996.877685546875,1.0928537845611572,109.15152,1.6138922,109.15152,1.098588,38.399315,1.7620689,38.399315,1.2301329,,,
TGA,2669.46875,19157.177734375,38666.12890625,0.4828340709209442,1539.3829345703125,0.11040924489498138,2.249151975775021e-06,0.48240897059440613,154.0185546875,-0.021755995228886604,8.649140568195435e-07,2.9139480590820312,104.88558959960938,24.62276268005371,1.6257424354553223,2.545973300933838,7094.07080078125,10650.53515625,4497.17626953125,1.0923137664794922,98.00312,1.607501,98.00312,1.0532546,43.84483,1.4686258,43.84483,1.3705409,,,
TGC,1691.318115234375,-3531.4375,2074.010009765625,0.460842490196228,1556.7412109375,-8056.83740234375,11727.49609375,0.4319235384464264,55.3258056640625,-264.433349609375,355.46533203125,2.638590097427368,70.2874984741211,-28.343557357788086,3.216370105743408,2.445359945297241,8210.7353515625,-2704.52294921875,250.54928588867188,1.0957962274551392,40.017365,1.638796,40.017365,1.109762,30.661127,1.5119703,30.661127,1.3288275,,,
TGG,2518.616455078125,20877.08984375,48671.01171875,0.5032537579536438,1225.1756591796875,-8080.0810546875,14987.3740234375,0.4819684624671936,150.73426818847656,525.9215087890625,516.0863647460938,2.904632329940796,108.35881805419922,-51.34579849243164,6.842866897583008,2.5573127269744873,7734.93798828125,8473.0302734375,2610.437255859375,1.0923947095870972,103.86654,1.696398,103.86654,1.136846,39.382507,1.6752421,39.382507,1.4402883,,,
TGT,2067.214599609375,11073.791015625,16683.974609375,0.46703141927719116,2989.697021484375,-22861.73046875,49168.10546875,0.43805620074272156,42.40362548828125,-0.014636801555752754,1.4214439261195366e-06,2.946566343307495,102.58029174804688,-106.9098892211914,31.33751678466797,2.4870429039001465,7692.8955078125,10491.126953125,4023.89794921875,1.0945626497268677,106.70802,1.5981143,106.70802,1.0424563,35.667503,1.4361541,35.667503,1.2183087,,,
TTA,1887.019775390625,20178.005859375,60683.76953125,0.5779386162757874,2096.40283203125,-20167.78125,54567.48828125,0.4769629240036011,111.04884338378906,-81.5478744506836,16.8424072265625,2.5396366119384766,48.38140106201172,-32.98528289794922,6.324956893920898,2.74379825592041,4877.0244140625,-7296.341796875,3070.06787109375,1.1063990592956543,168.64986,1.594909,168.64986,1.0897269,30.257622,1.5872213,30.257622,1.5343611,,,
TTC,1417.790771484375,-8700.75390625,15017.37890625,0.49429571628570557,2039.11572265625,16158.791015625,36013.75390625,0.4719812870025635,102.703857421875,16.357332229614258,0.7330127358436584,2.659959554672241,80.9605941772461,-171.05386352539062,134.45257568359375,2.5945425033569336,4083.977783203125,-4119.60986328125,1168.74951171875,1.1142833232879639,140.78177,1.5950352,140.78177,1.1414561,71.43196,1.640088,71.43196,1.3973799,,,
TTG,994.8284301757812,-5464.2421875,8441.2001953125,0.5341213941574097,1344.4686279296875,-9467.3955078125,18750.068359375,0.5017796158790588,97.47750854492188,-71.20552825927734,14.629030227661133,2.4852733612060547,96.01140594482422,470.7318115234375,653.1334838867188,2.8852901458740234,4686.6689453125,-7636.14990234375,3499.267578125,1.1122289896011353,99.318596,1.6559731,99.318596,1.1188213,48.137585,1.6320592,48.137585,1.4837815,,,
TTT,2524.0693359375,0.09603676944971085,1.056465521287464e-06,0.495236873626709,1279.7054443359375,1586.9306640625,553.4755249023438,0.4930110275745392,118.4142837524414,-63.83371353149414,9.678074836730957,2.6486146450042725,95.07740020751953,-370.14129638671875,483.9310302734375,2.6094069480895996,4134.3232421875,-3806.914794921875,985.9042358398438,1.1219724416732788,149.2347,1.6579757,149.2347,1.0579805,98.52354,1.7252535,98.52354,1.512138,,,
cs.-5,,,,,,,,,,,,,,,,,,,,,10.092721,2.0870197,10.092721,0.9309011,7.749494,0.029454764,7.749494,1.1596718,1.4439797401428223,109.69975280761719,1.7324117422103882
cs.-4,,,,,,,,,,,,,,,,,,,,,15.686909,1.6648164,15.686909,1.1817458,8.996189,0.7119354,8.996189,1.628215,2.890462875366211,125.8139877319336,1.669222116470337
cs.-3,,,,,,,,,,,,,,,,,,,,,25.13869,1.4848194,25.13869,1.1654661,12.523728,1.0434703,12.523728,1.6659535,2.176891565322876,143.08242797851562,1.5226914882659912
cs.-2,,,,,,,,,,,,,,,,,,,,,30.544136,1.4283444,30.544136,1.2961911,20.323214,1.2237927,20.323214,1.7268788,1.238144874572754,185.39573669433594,1.3815675973892212
cs.-1,,,,,,,,,,,,,,,,,,,,,23.000488,1.6620722,23.000488,1.2857565,28.267523,1.6615247,28.267523,1.3682021,6.188034534454346,350.73199462890625,1.1440925598144531
cs.1,,,,,,,,,,,,,,,,,,,,,24.573229,1.8132007,24.573229,1.3092992,12.448166,1.4942418,12.448166,0.81765974,8.411714553833008,280.59326171875,0.8541156053543091
cs.2,,,,,,,,,,,,,,,,,,,,,52.51788,0.954572,52.51788,1.1548402,16.175093,1.2654359,16.175093,0.3727084,0.550086259841919,218.04238891601562,0.8683668375015259
cs.3,,,,,,,,,,,,,,,,,,,,,10.271072,1.0771852,10.271072,1.8966252,12.771013,0.50911623,12.771013,0.07239022,3.4857699871063232,199.3896942138672,0.9497832655906677
cs.4,,,,,,,,,,,,,,,,,,,,,9.774803,0.8364625,9.774803,2.0642288,7.2164745,0.6249811,7.2164745,-0.5984178,1.5782015323638916,171.34532165527344,1.285719633102417
cs.5,,,,,,,,,,,,,,,,,,,,,5.688012,0.58885163,5.688012,2.2974832,4.34937,-0.18594512,4.34937,-1.3320916,2.615278720855713,160.12330627441406,1.6511344909667969
