atom_type1,atom_type2,epsilon (kj/mol),sigma (nm),cutoff_LJ (nm)
ALA,ALA,0.43618777,0.5,1.25
ALA,ARG,0.29346455,0.5,1.25
ALA,ASN,0.29506819,0.5,1.25
ALA,ASP,0.27261735,0.5,1.25
ALA,CYS,0.57249643,0.5,1.25
ALA,GLU,0.24214837,0.5,1.25
ALA,GLN,0.30308637,0.5,1.25
ALA,GLY,0.37043889,0.5,1.25
ALA,HIS,0.3864752,0.5,1.25
ALA,ILE,0.73446321,0.5,1.25
ALA,LEU,0.78738307,0.5,1.25
ALA,LYS,0.21007571,0.5,1.25
ALA,MET,0.63183082,0.5,1.25
ALA,PHE,0.77134676,0.5,1.25
ALA,PRO,0.32553721,0.5,1.25
ALA,SER,0.32232992,0.5,1.25
ALA,THR,0.37204249,0.5,1.25
ALA,TRP,0.61258722,0.5,1.25
ALA,TYR,0.53882016,0.5,1.25
ALA,VAL,0.64786713,0.5,1.25
ARG,ARG,0.24856286,0.5,1.25
ARG,ASN,0.26299557,0.5,1.25
ARG,ASP,0.3672316,0.5,1.25
ARG,CYS,0.41213329,0.5,1.25
ARG,GLU,0.36402436,0.5,1.25
ARG,GLN,0.28865366,0.5,1.25
ARG,GLY,0.27582464,0.5,1.25
ARG,HIS,0.34638441,0.5,1.25
ARG,ILE,0.58211825,0.5,1.25
ARG,LEU,0.64626349,0.5,1.25
ARG,LYS,0.09461426,0.5,1.25
ARG,MET,0.50033301,0.5,1.25
ARG,PHE,0.63824535,0.5,1.25
ARG,PRO,0.27261735,0.5,1.25
ARG,SER,0.25978828,0.5,1.25
ARG,THR,0.30468997,0.5,1.25
ARG,TRP,0.54683834,0.5,1.25
ARG,TYR,0.50674754,0.5,1.25
ARG,VAL,0.49231488,0.5,1.25
ASN,ASN,0.2694101,0.5,1.25
ASN,ASP,0.2694101,0.5,1.25
ASN,CYS,0.41534058,0.5,1.25
ASN,GLU,0.24214837,0.5,1.25
ASN,GLN,0.27422099,0.5,1.25
ASN,GLY,0.27903188,0.5,1.25
ASN,HIS,0.33355534,0.5,1.25
ASN,ILE,0.51957661,0.5,1.25
ASN,LEU,0.5997582,0.5,1.25
ASN,LYS,0.1940394,0.5,1.25
ASN,MET,0.47307128,0.5,1.25
ASN,PHE,0.6013618,0.5,1.25
ASN,PRO,0.24535562,0.5,1.25
ASN,SER,0.25337379,0.5,1.25
ASN,THR,0.30148272,0.5,1.25
ASN,TRP,0.49231488,0.5,1.25
ASN,TYR,0.44260231,0.5,1.25
ASN,VAL,0.45382773,0.5,1.25
ASP,ASP,0.1940394,0.5,1.25
ASP,CYS,0.3864752,0.5,1.25
ASP,GLU,0.16357043,0.5,1.25
ASP,GLN,0.2341302,0.5,1.25
ASP,GLY,0.2549774,0.5,1.25
ASP,HIS,0.37204249,0.5,1.25
ASP,ILE,0.50835119,0.5,1.25
ASP,LEU,0.5452347,0.5,1.25
ASP,LYS,0.2694101,0.5,1.25
ASP,MET,0.41213329,0.5,1.25
ASP,PHE,0.55806376,0.5,1.25
ASP,PRO,0.213283,0.5,1.25
ASP,SER,0.26139193,0.5,1.25
ASP,THR,0.28865366,0.5,1.25
ASP,TRP,0.45543133,0.5,1.25
ASP,TYR,0.44260231,0.5,1.25
ASP,VAL,0.39770062,0.5,1.25
CYS,CYS,0.87237555,0.5,1.25
CYS,GLU,0.36402436,0.5,1.25
CYS,GLN,0.45703497,0.5,1.25
CYS,GLY,0.50674754,0.5,1.25
CYS,HIS,0.57730736,0.5,1.25
CYS,ILE,0.88199733,0.5,1.25
CYS,LEU,0.93491718,0.5,1.25
CYS,LYS,0.31270814,0.5,1.25
CYS,MET,0.80021213,0.5,1.25
CYS,PHE,0.93010625,0.5,1.25
CYS,PRO,0.49231488,0.5,1.25
CYS,SER,0.45863862,0.5,1.25
CYS,THR,0.49872941,0.5,1.25
CYS,TRP,0.7937976,0.5,1.25
CYS,TYR,0.66711068,0.5,1.25
CYS,VAL,0.79540124,0.5,1.25
GLU,GLU,0.14593047,0.5,1.25
GLU,GLN,0.22771566,0.5,1.25
GLU,GLY,0.19564305,0.5,1.25
GLU,HIS,0.34478076,0.5,1.25
GLU,ILE,0.5243875,0.5,1.25
GLU,LEU,0.57570371,0.5,1.25
GLU,LYS,0.28865366,0.5,1.25
GLU,MET,0.4634495,0.5,1.25
GLU,PHE,0.57089283,0.5,1.25
GLU,PRO,0.20205758,0.5,1.25
GLU,SER,0.23733744,0.5,1.25
GLU,THR,0.27903188,0.5,1.25
GLU,TRP,0.47948581,0.5,1.25
GLU,TYR,0.44741319,0.5,1.25
GLU,VAL,0.4281696,0.5,1.25
GLN,GLN,0.24695926,0.5,1.25
GLN,GLY,0.26620282,0.5,1.25
GLN,HIS,0.31751903,0.5,1.25
GLN,ILE,0.58853278,0.5,1.25
GLN,LEU,0.64786713,0.5,1.25
GLN,LYS,0.20686847,0.5,1.25
GLN,MET,0.52919839,0.5,1.25
GLN,PHE,0.65748891,0.5,1.25
GLN,PRO,0.27742824,0.5,1.25
GLN,SER,0.23894109,0.5,1.25
GLN,THR,0.30468997,0.5,1.25
GLN,TRP,0.49872941,0.5,1.25
GLN,TYR,0.47627857,0.5,1.25
GLN,VAL,0.49231488,0.5,1.25
GLY,GLY,0.35921347,0.5,1.25
GLY,HIS,0.34478076,0.5,1.25
GLY,ILE,0.60617269,0.5,1.25
GLY,LEU,0.66711068,0.5,1.25
GLY,LYS,0.18441762,0.5,1.25
GLY,MET,0.54363109,0.5,1.25
GLY,PHE,0.66229979,0.5,1.25
GLY,PRO,0.29987908,0.5,1.25
GLY,SER,0.29186094,0.5,1.25
GLY,THR,0.33355534,0.5,1.25
GLY,TRP,0.54844198,0.5,1.25
GLY,TYR,0.4826931,0.5,1.25
GLY,VAL,0.54202745,0.5,1.25
HIS,HIS,0.48910759,0.5,1.25
HIS,ILE,0.66390344,0.5,1.25
HIS,LEU,0.72804872,0.5,1.25
HIS,LYS,0.21649024,0.5,1.25
HIS,MET,0.63824535,0.5,1.25
HIS,PHE,0.76493223,0.5,1.25
HIS,PRO,0.36081707,0.5,1.25
HIS,SER,0.33836623,0.5,1.25
HIS,THR,0.3880788,0.5,1.25
HIS,TRP,0.63824535,0.5,1.25
HIS,TYR,0.56447829,0.5,1.25
HIS,VAL,0.57410007,0.5,1.25
ILE,ILE,1.048775,0.5,1.25
ILE,LEU,1.12895659,0.5,1.25
ILE,LYS,0.4826931,0.5,1.25
ILE,MET,0.96538616,0.5,1.25
ILE,PHE,1.09688397,0.5,1.25
ILE,PRO,0.60296544,0.5,1.25
ILE,SER,0.56447829,0.5,1.25
ILE,THR,0.64626349,0.5,1.25
ILE,TRP,0.92689901,0.5,1.25
ILE,TYR,0.84190653,0.5,1.25
ILE,VAL,0.97019705,0.5,1.25
LEU,LEU,1.1818764,0.5,1.25
LEU,LYS,0.54042381,0.5,1.25
LEU,MET,1.0279278,0.5,1.25
LEU,PHE,1.16744374,0.5,1.25
LEU,PRO,0.67352522,0.5,1.25
LEU,SER,0.62862353,0.5,1.25
LEU,THR,0.69597606,0.5,1.25
LEU,TRP,0.98462976,0.5,1.25
LEU,TYR,0.90925906,0.5,1.25
LEU,VAL,1.03915322,0.5,1.25
LYS,LYS,0.0192436,0.5,1.25
LYS,MET,0.39770062,0.5,1.25
LYS,PHE,0.53882016,0.5,1.25
LYS,PRO,0.15555225,0.5,1.25
LYS,SER,0.16838131,0.5,1.25
LYS,THR,0.21007571,0.5,1.25
LYS,TRP,0.43137689,0.5,1.25
LYS,TYR,0.41694418,0.5,1.25
LYS,VAL,0.39930422,0.5,1.25
MET,MET,0.87558279,0.5,1.25
MET,PHE,1.05198228,0.5,1.25
MET,PRO,0.55325287,0.5,1.25
MET,SER,0.48590035,0.5,1.25
MET,THR,0.56287465,0.5,1.25
MET,TRP,0.8900155,0.5,1.25
MET,TYR,0.78738307,0.5,1.25
MET,VAL,0.85313195,0.5,1.25
PHE,PHE,1.16423645,0.5,1.25
PHE,PRO,0.68154339,0.5,1.25
PHE,SER,0.64465988,0.5,1.25
PHE,THR,0.68635428,0.5,1.25
PHE,TRP,0.987837,0.5,1.25
PHE,TYR,0.90765541,0.5,1.25
PHE,VAL,1.0086842,0.5,1.25
PRO,PRO,0.28063552,0.5,1.25
PRO,SER,0.25177015,0.5,1.25
PRO,THR,0.30468997,0.5,1.25
PRO,TRP,0.59815456,0.5,1.25
PRO,TYR,0.51155843,0.5,1.25
PRO,VAL,0.53240567,0.5,1.25
SER,SER,0.26780646,0.5,1.25
SER,THR,0.31431179,0.5,1.25
SER,TRP,0.47948581,0.5,1.25
SER,TYR,0.44580955,0.5,1.25
SER,VAL,0.48910759,0.5,1.25
THR,THR,0.33996987,0.5,1.25
THR,TRP,0.51636932,0.5,1.25
THR,TYR,0.4826931,0.5,1.25
THR,VAL,0.55485652,0.5,1.25
TRP,TRP,0.81143755,0.5,1.25
TRP,TYR,0.74729227,0.5,1.25
TRP,VAL,0.83068111,0.5,1.25
TYR,TYR,0.66871433,0.5,1.25
TYR,VAL,0.74087774,0.5,1.25
VAL,VAL,0.88520457,0.5,1.25
