amino acid1,amino acid2,epsilon (RT)
ALA,ALA,-2.72
ALA,ARG,-1.83
ALA,ASN,-1.84
ALA,ASP,-1.7
ALA,CYS,-3.57
ALA,GLU,-1.51
ALA,GLN,-1.89
ALA,GLY,-2.31
ALA,HIS,-2.41
ALA,ILE,-4.58
ALA,LEU,-4.91
ALA,LYS,-1.31
ALA,MET,-3.94
ALA,PHE,-4.81
ALA,PRO,-2.03
ALA,SER,-2.01
ALA,THR,-2.32
ALA,TRP,-3.82
ALA,TYR,-3.36
ALA,VAL,-4.04
ARG,ARG,-1.55
ARG,ASN,-1.64
ARG,ASP,-2.29
ARG,CYS,-2.57
ARG,GLU,-2.27
ARG,GLN,-1.8
ARG,GLY,-1.72
ARG,HIS,-2.16
ARG,ILE,-3.63
ARG,LEU,-4.03
ARG,LYS,-0.59
ARG,MET,-3.12
ARG,PHE,-3.98
ARG,PRO,-1.7
ARG,SER,-1.62
ARG,THR,-1.9
ARG,TRP,-3.41
ARG,TYR,-3.16
ARG,VAL,-3.07
ASN,ASN,-1.68
ASN,ASP,-1.68
ASN,CYS,-2.59
ASN,GLU,-1.51
ASN,GLN,-1.71
ASN,GLY,-1.74
ASN,HIS,-2.08
ASN,ILE,-3.24
ASN,LEU,-3.74
ASN,LYS,-1.21
ASN,MET,-2.95
ASN,PHE,-3.75
ASN,PRO,-1.53
ASN,SER,-1.58
ASN,THR,-1.88
ASN,TRP,-3.07
ASN,TYR,-2.76
ASN,VAL,-2.83
ASP,ASP,-1.21
ASP,CYS,-2.41
ASP,GLU,-1.02
ASP,GLN,-1.46
ASP,GLY,-1.59
ASP,HIS,-2.32
ASP,ILE,-3.17
ASP,LEU,-3.4
ASP,LYS,-1.68
ASP,MET,-2.57
ASP,PHE,-3.48
ASP,PRO,-1.33
ASP,SER,-1.63
ASP,THR,-1.8
ASP,TRP,-2.84
ASP,TYR,-2.76
ASP,VAL,-2.48
CYS,CYS,-5.44
CYS,GLU,-2.27
CYS,GLN,-2.85
CYS,GLY,-3.16
CYS,HIS,-3.6
CYS,ILE,-5.5
CYS,LEU,-5.83
CYS,LYS,-1.95
CYS,MET,-4.99
CYS,PHE,-5.8
CYS,PRO,-3.07
CYS,SER,-2.86
CYS,THR,-3.11
CYS,TRP,-4.95
CYS,TYR,-4.16
CYS,VAL,-4.96
GLU,GLU,-0.91
GLU,GLN,-1.42
GLU,GLY,-1.22
GLU,HIS,-2.15
GLU,ILE,-3.27
GLU,LEU,-3.59
GLU,LYS,-1.8
GLU,MET,-2.89
GLU,PHE,-3.56
GLU,PRO,-1.26
GLU,SER,-1.48
GLU,THR,-1.74
GLU,TRP,-2.99
GLU,TYR,-2.79
GLU,VAL,-2.67
GLN,GLN,-1.54
GLN,GLY,-1.66
GLN,HIS,-1.98
GLN,ILE,-3.67
GLN,LEU,-4.04
GLN,LYS,-1.29
GLN,MET,-3.3
GLN,PHE,-4.1
GLN,PRO,-1.73
GLN,SER,-1.49
GLN,THR,-1.9
GLN,TRP,-3.11
GLN,TYR,-2.97
GLN,VAL,-3.07
GLY,GLY,-2.24
GLY,HIS,-2.15
GLY,ILE,-3.78
GLY,LEU,-4.16
GLY,LYS,-1.15
GLY,MET,-3.39
GLY,PHE,-4.13
GLY,PRO,-1.87
GLY,SER,-1.82
GLY,THR,-2.08
GLY,TRP,-3.42
GLY,TYR,-3.01
GLY,VAL,-3.38
HIS,HIS,-3.05
HIS,ILE,-4.14
HIS,LEU,-4.54
HIS,LYS,-1.35
HIS,MET,-3.98
HIS,PHE,-4.77
HIS,PRO,-2.25
HIS,SER,-2.11
HIS,THR,-2.42
HIS,TRP,-3.98
HIS,TYR,-3.52
HIS,VAL,-3.58
ILE,ILE,-6.54
ILE,LEU,-7.04
ILE,LYS,-3.01
ILE,MET,-6.02
ILE,PHE,-6.84
ILE,PRO,-3.76
ILE,SER,-3.52
ILE,THR,-4.03
ILE,TRP,-5.78
ILE,TYR,-5.25
ILE,VAL,-6.05
LEU,LEU,-7.37
LEU,LYS,-3.37
LEU,MET,-6.41
LEU,PHE,-7.28
LEU,PRO,-4.2
LEU,SER,-3.92
LEU,THR,-4.34
LEU,TRP,-6.14
LEU,TYR,-5.67
LEU,VAL,-6.48
LYS,LYS,-0.12
LYS,MET,-2.48
LYS,PHE,-3.36
LYS,PRO,-0.97
LYS,SER,-1.05
LYS,THR,-1.31
LYS,TRP,-2.69
LYS,TYR,-2.6
LYS,VAL,-2.49
MET,MET,-5.46
MET,PHE,-6.56
MET,PRO,-3.45
MET,SER,-3.03
MET,THR,-3.51
MET,TRP,-5.55
MET,TYR,-4.91
MET,VAL,-5.32
PHE,PHE,-7.26
PHE,PRO,-4.25
PHE,SER,-4.02
PHE,THR,-4.28
PHE,TRP,-6.16
PHE,TYR,-5.66
PHE,VAL,-6.29
PRO,PRO,-1.75
PRO,SER,-1.57
PRO,THR,-1.9
PRO,TRP,-3.73
PRO,TYR,-3.19
PRO,VAL,-3.32
SER,SER,-1.67
SER,THR,-1.96
SER,TRP,-2.99
SER,TYR,-2.78
SER,VAL,-3.05
THR,THR,-2.12
THR,TRP,-3.22
THR,TYR,-3.01
THR,VAL,-3.46
TRP,TRP,-5.06
TRP,TYR,-4.66
TRP,VAL,-5.18
TYR,TYR,-4.17
TYR,VAL,-4.62
VAL,VAL,-5.52
