AA,HPS,Param_source
A,0.75,Bandyopadhyay-Mehler (2008)
R,-0.02,Bandyopadhyay-Mehler (2008)
N,-0.16,Bandyopadhyay-Mehler (2008)
D,-0.5,Bandyopadhyay-Mehler (2008)
C,2.6,Bandyopadhyay-Mehler (2008)
Q,-0.11,Bandyopadhyay-Mehler (2008)
E,-0.54,Bandyopadhyay-Mehler (2008)
G,0,Bandyopadhyay-Mehler (2008)
H,0.57,Bandyopadhyay-Mehler (2008)
I,2.19,Bandyopadhyay-Mehler (2008)
L,1.97,Bandyopadhyay-Mehler (2008)
K,-0.9,Bandyopadhyay-Mehler (2008)
M,1.22,Bandyopadhyay-Mehler (2008)
F,1.92,Bandyopadhyay-Mehler (2008)
P,0.72,Bandyopadhyay-Mehler (2008)
S,0.11,Bandyopadhyay-Mehler (2008)
T,0.47,Bandyopadhyay-Mehler (2008)
W,1.51,Bandyopadhyay-Mehler (2008)
Y,1.36,Bandyopadhyay-Mehler (2008)
V,1.88,Bandyopadhyay-Mehler (2008)
A,16,Biou accessibility information value
R,-70,Biou accessibility information value
N,-74,Biou accessibility information value
D,-78,Biou accessibility information value
C,168,Biou accessibility information value
Q,-73,Biou accessibility information value
E,-106,Biou accessibility information value
G,-13,Biou accessibility information value
H,50,Biou accessibility information value
I,151,Biou accessibility information value
L,145,Biou accessibility information value
K,-141,Biou accessibility information value
M,124,Biou accessibility information value
F,189,Biou accessibility information value
P,-20,Biou accessibility information value
S,-70,Biou accessibility information value
T,-38,Biou accessibility information value
W,145,Biou accessibility information value
Y,53,Biou accessibility information value
V,123,Biou accessibility information value
A,0.37,Black-Mould (1991)
R,-1.52,Black-Mould (1991)
N,-0.79,Black-Mould (1991)
D,-1.43,Black-Mould (1991)
C,0.55,Black-Mould (1991)
Q,-0.76,Black-Mould (1991)
E,-1.4,Black-Mould (1991)
G,0,Black-Mould (1991)
H,-1,Black-Mould (1991)
I,1.34,Black-Mould (1991)
L,1.34,Black-Mould (1991)
K,-0.67,Black-Mould (1991)
M,0.73,Black-Mould (1991)
F,1.52,Black-Mould (1991)
P,0.64,Black-Mould (1991)
S,-0.43,Black-Mould (1991)
T,-0.15,Black-Mould (1991)
W,1.16,Black-Mould (1991)
Y,1.16,Black-Mould (1991)
V,1,Black-Mould (1991)
A,0.2,Cornette (1987)
R,1.4,Cornette (1987)
N,-0.5,Cornette (1987)
D,-3.1,Cornette (1987)
C,4.1,Cornette (1987)
Q,-2.8,Cornette (1987)
E,-1.8,Cornette (1987)
G,0,Cornette (1987)
H,0.5,Cornette (1987)
I,4.8,Cornette (1987)
L,5.7,Cornette (1987)
K,-3.1,Cornette (1987)
M,4.2,Cornette (1987)
F,4.4,Cornette (1987)
P,-2.2,Cornette (1987)
S,-0.5,Cornette (1987)
T,-1.9,Cornette (1987)
W,1,Cornette (1987)
Y,3.2,Cornette (1987)
V,4.7,Cornette (1987)
A,0.62,Eisenberg (1984)
R,-2.53,Eisenberg (1984)
N,-0.78,Eisenberg (1984)
D,-0.9,Eisenberg (1984)
C,0.29,Eisenberg (1984)
Q,-0.85,Eisenberg (1984)
E,-0.74,Eisenberg (1984)
G,0.48,Eisenberg (1984)
H,-0.4,Eisenberg (1984)
I,1.38,Eisenberg (1984)
L,1.06,Eisenberg (1984)
K,-1.5,Eisenberg (1984)
M,0.64,Eisenberg (1984)
F,1.19,Eisenberg (1984)
P,0.12,Eisenberg (1984)
S,-0.18,Eisenberg (1984)
T,-0.05,Eisenberg (1984)
W,0.81,Eisenberg (1984)
Y,0.26,Eisenberg (1984)
V,1.08,Eisenberg (1984)
A,1.6,Engelman GES (1986)
R,-12.3,Engelman GES (1986)
N,-4.8,Engelman GES (1986)
D,-9.2,Engelman GES (1986)
C,2,Engelman GES (1986)
Q,-4.1,Engelman GES (1986)
E,-8.2,Engelman GES (1986)
G,1,Engelman GES (1986)
H,-3,Engelman GES (1986)
I,3.1,Engelman GES (1986)
L,2.8,Engelman GES (1986)
K,-8.8,Engelman GES (1986)
M,3.4,Engelman GES (1986)
F,3.7,Engelman GES (1986)
P,-0.2,Engelman GES (1986)
S,0.6,Engelman GES (1986)
T,1.2,Engelman GES (1986)
W,1.9,Engelman GES (1986)
Y,-0.7,Engelman GES (1986)
V,2.6,Engelman GES (1986)
A,3.3,FDewet_C36m (2024)
R,3.59,FDewet_C36m (2024)
N,3.48,FDewet_C36m (2024)
D,4.09,FDewet_C36m (2024)
C,3.25,FDewet_C36m (2024)
Q,3.36,FDewet_C36m (2024)
E,4.41,FDewet_C36m (2024)
G,3.52,FDewet_C36m (2024)
H,3.41,FDewet_C36m (2024)
I,2.95,FDewet_C36m (2024)
L,2.93,FDewet_C36m (2024)
K,3.52,FDewet_C36m (2024)
M,3.04,FDewet_C36m (2024)
F,2.96,FDewet_C36m (2024)
P,3.13,FDewet_C36m (2024)
S,3.55,FDewet_C36m (2024)
T,3.49,FDewet_C36m (2024)
W,3.22,FDewet_C36m (2024)
Y,3.23,FDewet_C36m (2024)
V,3.03,FDewet_C36m (2024)
A,3.72,FDewet_a03ws (2024)
R,3.83,FDewet_a03ws (2024)
N,3.92,FDewet_a03ws (2024)
D,4.84,FDewet_a03ws (2024)
C,3.75,FDewet_a03ws (2024)
Q,4.32,FDewet_a03ws (2024)
E,5.34,FDewet_a03ws (2024)
G,3.86,FDewet_a03ws (2024)
H,3.83,FDewet_a03ws (2024)
I,3.53,FDewet_a03ws (2024)
L,3.47,FDewet_a03ws (2024)
K,4.11,FDewet_a03ws (2024)
M,3.63,FDewet_a03ws (2024)
F,3.51,FDewet_a03ws (2024)
P,3.72,FDewet_a03ws (2024)
S,3.93,FDewet_a03ws (2024)
T,3.89,FDewet_a03ws (2024)
W,3.58,FDewet_a03ws (2024)
Y,3.59,FDewet_a03ws (2024)
V,3.54,FDewet_a03ws (2024)
A,4.13,FDewet_a99SBdisp (2024)
R,4.55,FDewet_a99SBdisp (2024)
N,4.43,FDewet_a99SBdisp (2024)
D,5.16,FDewet_a99SBdisp (2024)
C,4.06,FDewet_a99SBdisp (2024)
Q,4.47,FDewet_a99SBdisp (2024)
E,5.33,FDewet_a99SBdisp (2024)
G,4.27,FDewet_a99SBdisp (2024)
H,4.36,FDewet_a99SBdisp (2024)
I,3.84,FDewet_a99SBdisp (2024)
L,3.91,FDewet_a99SBdisp (2024)
K,4.51,FDewet_a99SBdisp (2024)
M,3.87,FDewet_a99SBdisp (2024)
F,3.91,FDewet_a99SBdisp (2024)
P,3.93,FDewet_a99SBdisp (2024)
S,4.31,FDewet_a99SBdisp (2024)
T,4.17,FDewet_a99SBdisp (2024)
W,4.05,FDewet_a99SBdisp (2024)
Y,4.02,FDewet_a99SBdisp (2024)
V,3.89,FDewet_a99SBdisp (2024)
A,1.618,Hassanali_nBranch <nbr> (2023)
R,2.685,Hassanali_nBranch <nbr> (2023)
N,1.997,Hassanali_nBranch <nbr> (2023)
D,1.559,Hassanali_nBranch <nbr> (2023)
C,1.88,Hassanali_nBranch <nbr> (2023)
Q,2.238,Hassanali_nBranch <nbr> (2023)
E,1.918,Hassanali_nBranch <nbr> (2023)
G,1.372,Hassanali_nBranch <nbr> (2023)
H,2.319,Hassanali_nBranch <nbr> (2023)
I,2.399,Hassanali_nBranch <nbr> (2023)
L,2.467,Hassanali_nBranch <nbr> (2023)
K,2.382,Hassanali_nBranch <nbr> (2023)
M,2.379,Hassanali_nBranch <nbr> (2023)
F,2.721,Hassanali_nBranch <nbr> (2023)
P,2.353,Hassanali_nBranch <nbr> (2023)
S,1.664,Hassanali_nBranch <nbr> (2023)
T,1.902,Hassanali_nBranch <nbr> (2023)
W,3.037,Hassanali_nBranch <nbr> (2023)
Y,2.746,Hassanali_nBranch <nbr> (2023)
V,2.184,Hassanali_nBranch <nbr> (2023)
A,-0.5,Hopp-Woods (1981)
R,3,Hopp-Woods (1981)
N,0.2,Hopp-Woods (1981)
D,3,Hopp-Woods (1981)
C,-1,Hopp-Woods (1981)
Q,0.2,Hopp-Woods (1981)
E,3,Hopp-Woods (1981)
G,0,Hopp-Woods (1981)
H,-0.5,Hopp-Woods (1981)
I,-1.8,Hopp-Woods (1981)
L,-1.8,Hopp-Woods (1981)
K,3,Hopp-Woods (1981)
M,-1.3,Hopp-Woods (1981)
F,-2.5,Hopp-Woods (1981)
P,0,Hopp-Woods (1981)
S,0.3,Hopp-Woods (1981)
T,-0.4,Hopp-Woods (1981)
W,-3.4,Hopp-Woods (1981)
Y,-2.3,Hopp-Woods (1981)
V,-1.5,Hopp-Woods (1981)
A,0.06,Jain (2017)
R,-0.32,Jain (2017)
N,0.13,Jain (2017)
D,-0.43,Jain (2017)
C,0.55,Jain (2017)
Q,0.46,Jain (2017)
E,-0.72,Jain (2017)
G,0,Jain (2017)
H,0.03,Jain (2017)
I,1.54,Jain (2017)
L,1.01,Jain (2017)
K,-0.42,Jain (2017)
M,0.69,Jain (2017)
F,1.15,Jain (2017)
P,-0.22,Jain (2017)
S,-0.15,Jain (2017)
T,-0.18,Jain (2017)
W,0.82,Jain (2017)
Y,0.49,Jain (2017)
V,1.05,Jain (2017)
A,0.3,Janin (1979)
R,-1.4,Janin (1979)
N,-0.5,Janin (1979)
D,-0.6,Janin (1979)
C,0.9,Janin (1979)
Q,-0.7,Janin (1979)
E,-0.7,Janin (1979)
G,0.3,Janin (1979)
H,-0.1,Janin (1979)
I,0.7,Janin (1979)
L,0.5,Janin (1979)
K,-1.8,Janin (1979)
M,0.4,Janin (1979)
F,0.5,Janin (1979)
P,-0.3,Janin (1979)
S,-0.1,Janin (1979)
T,-0.2,Janin (1979)
W,0.3,Janin (1979)
Y,-0.4,Janin (1979)
V,0.6,Janin (1979)
A,1.8,Kyte-Doolittle (1982)
R,-4.5,Kyte-Doolittle (1982)
N,-3.5,Kyte-Doolittle (1982)
D,-3.5,Kyte-Doolittle (1982)
C,2.5,Kyte-Doolittle (1982)
Q,-3.5,Kyte-Doolittle (1982)
E,-3.5,Kyte-Doolittle (1982)
G,-0.4,Kyte-Doolittle (1982)
H,-3.2,Kyte-Doolittle (1982)
I,4.5,Kyte-Doolittle (1982)
L,3.8,Kyte-Doolittle (1982)
K,-3.9,Kyte-Doolittle (1982)
M,1.9,Kyte-Doolittle (1982)
F,2.8,Kyte-Doolittle (1982)
P,-1.6,Kyte-Doolittle (1982)
S,-0.8,Kyte-Doolittle (1982)
T,-0.7,Kyte-Doolittle (1982)
W,-0.9,Kyte-Doolittle (1982)
Y,-1.3,Kyte-Doolittle (1982)
V,4.2,Kyte-Doolittle (1982)
A,0.07,Meek (1980)
R,0.11,Meek (1980)
N,0.11,Meek (1980)
D,-1.08,Meek (1980)
C,-0.9,Meek (1980)
Q,-0.63,Meek (1980)
E,-2.23,Meek (1980)
G,0,Meek (1980)
H,-0.46,Meek (1980)
I,1.83,Meek (1980)
L,1.16,Meek (1980)
K,0.01,Meek (1980)
M,0.63,Meek (1980)
F,1.74,Meek (1980)
P,0.8,Meek (1980)
S,0.16,Meek (1980)
T,0.36,Meek (1980)
W,1.96,Meek (1980)
Y,0.8,Meek (1980)
V,0.36,Meek (1980)
A,4.55,PARCH (2023)
R,6.43,PARCH (2023)
N,5.28,PARCH (2023)
D,8.24,PARCH (2023)
C,4.11,PARCH (2023)
Q,5.5,PARCH (2023)
E,6.11,PARCH (2023)
G,5.62,PARCH (2023)
H,6.46,PARCH (2023)
I,3.25,PARCH (2023)
L,4.71,PARCH (2023)
K,10,PARCH (2023)
M,4.85,PARCH (2023)
F,4.45,PARCH (2023)
P,4.55,PARCH (2023)
S,6.34,PARCH (2023)
T,4.61,PARCH (2023)
W,5.09,PARCH (2023)
Y,6.18,PARCH (2023)
V,3.4,PARCH (2023)
A,7.62,Ponnuswamy average gain in surrounding hydrophobicity
R,6.81,Ponnuswamy average gain in surrounding hydrophobicity
N,6.17,Ponnuswamy average gain in surrounding hydrophobicity
D,6.18,Ponnuswamy average gain in surrounding hydrophobicity
C,10.93,Ponnuswamy average gain in surrounding hydrophobicity
Q,6.67,Ponnuswamy average gain in surrounding hydrophobicity
E,6.38,Ponnuswamy average gain in surrounding hydrophobicity
G,7.31,Ponnuswamy average gain in surrounding hydrophobicity
H,7.85,Ponnuswamy average gain in surrounding hydrophobicity
I,9.99,Ponnuswamy average gain in surrounding hydrophobicity
L,9.37,Ponnuswamy average gain in surrounding hydrophobicity
K,5.72,Ponnuswamy average gain in surrounding hydrophobicity
M,9.83,Ponnuswamy average gain in surrounding hydrophobicity
F,6.18,Ponnuswamy average gain in surrounding hydrophobicity
P,6.64,Ponnuswamy average gain in surrounding hydrophobicity
S,6.93,Ponnuswamy average gain in surrounding hydrophobicity
T,7.08,Ponnuswamy average gain in surrounding hydrophobicity
W,8.41,Ponnuswamy average gain in surrounding hydrophobicity
Y,8.53,Ponnuswamy average gain in surrounding hydrophobicity
V,10.38,Ponnuswamy average gain in surrounding hydrophobicity
A,12.28,Ponnuswamy surrounding hydrophobicity folded form
R,11.49,Ponnuswamy surrounding hydrophobicity folded form
N,11,Ponnuswamy surrounding hydrophobicity folded form
D,10.97,Ponnuswamy surrounding hydrophobicity folded form
C,14.93,Ponnuswamy surrounding hydrophobicity folded form
Q,11.28,Ponnuswamy surrounding hydrophobicity folded form
E,11.19,Ponnuswamy surrounding hydrophobicity folded form
G,12.01,Ponnuswamy surrounding hydrophobicity folded form
H,12.84,Ponnuswamy surrounding hydrophobicity folded form
I,12.77,Ponnuswamy surrounding hydrophobicity folded form
L,14.1,Ponnuswamy surrounding hydrophobicity folded form
K,10.8,Ponnuswamy surrounding hydrophobicity folded form
M,14.33,Ponnuswamy surrounding hydrophobicity folded form
F,10.97,Ponnuswamy surrounding hydrophobicity folded form
P,11.19,Ponnuswamy surrounding hydrophobicity folded form
S,11.26,Ponnuswamy surrounding hydrophobicity folded form
T,11.65,Ponnuswamy surrounding hydrophobicity folded form
W,12.95,Ponnuswamy surrounding hydrophobicity folded form
Y,13.29,Ponnuswamy surrounding hydrophobicity folded form
V,15.07,Ponnuswamy surrounding hydrophobicity folded form
A,0.74,Rose (1985)
R,0.64,Rose (1985)
N,0.63,Rose (1985)
D,0.62,Rose (1985)
C,0.91,Rose (1985)
Q,0.62,Rose (1985)
E,0.62,Rose (1985)
G,0.72,Rose (1985)
H,0.78,Rose (1985)
I,0.88,Rose (1985)
L,0.85,Rose (1985)
K,0.52,Rose (1985)
M,0.85,Rose (1985)
F,0.88,Rose (1985)
P,0.64,Rose (1985)
S,0.66,Rose (1985)
T,0.7,Rose (1985)
W,0.85,Rose (1985)
Y,0.76,Rose (1985)
V,0.86,Rose (1985)
A,0.62,Tanford (1962)
R,-2.53,Tanford (1962)
N,-0.78,Tanford (1962)
D,-0.09,Tanford (1962)
C,0.29,Tanford (1962)
Q,-0.85,Tanford (1962)
E,-0.74,Tanford (1962)
G,0.48,Tanford (1962)
H,-0.4,Tanford (1962)
I,1.38,Tanford (1962)
L,1.53,Tanford (1962)
K,-1.5,Tanford (1962)
M,0.64,Tanford (1962)
F,1.19,Tanford (1962)
P,0.12,Tanford (1962)
S,-0.18,Tanford (1962)
T,-0.05,Tanford (1962)
W,0.81,Tanford (1962)
Y,0.26,Tanford (1962)
V,1.8,Tanford (1962)
A,-0.2,Wimley-White (1996)
R,-0.41,Wimley-White (1996)
N,-0.51,Wimley-White (1996)
D,-1.53,Wimley-White (1996)
C,0.31,Wimley-White (1996)
Q,-0.71,Wimley-White (1996)
E,-2.51,Wimley-White (1996)
G,0,Wimley-White (1996)
H,-0.2,Wimley-White (1996)
I,0.35,Wimley-White (1996)
L,0.71,Wimley-White (1996)
K,-0.59,Wimley-White (1996)
M,0.3,Wimley-White (1996)
F,1.43,Wimley-White (1996)
P,-0.55,Wimley-White (1996)
S,-0.15,Wimley-White (1996)
T,-0.16,Wimley-White (1996)
W,2.33,Wimley-White (1996)
Y,1.19,Wimley-White (1996)
V,-0.08,Wimley-White (1996)
